wavelength,1,2,3,4,5,6,7,8,9,10,11,12,13,14,15,16,17,18,19,20,21,22,23,24
400,0.254181063,0.314540287,0.062774644,0.278464965,0.203507229,0.058054999,0.050587608,0.229767383,0.160080535,0.182820579,0.06999,0.062425095,0.173568173,0.307866547,0.049407075,0.060380441,0.064524183,0.118970841,0.440190711,0.375901467,0.274706373,0.165262258,0.088715493,0.036596273
401,0.260772688,0.327373576,0.062243478,0.287799834,0.205163428,0.057231008,0.049685039,0.237280874,0.162669694,0.184708152,0.069687965,0.062367785,0.176945559,0.321143158,0.04903911,0.060538463,0.064112531,0.123421918,0.467493834,0.392445329,0.283124055,0.16704592,0.089419478,0.037239988
402,0.265071526,0.338661359,0.063064856,0.298631052,0.208637316,0.057886149,0.050798786,0.244811968,0.162747252,0.190495039,0.070916824,0.062556593,0.182080083,0.332207708,0.049333951,0.060374945,0.065579944,0.126467459,0.496673424,0.410797186,0.291368026,0.168093021,0.089203346,0.037922184
403,0.272011075,0.349506229,0.061307266,0.306986445,0.210872443,0.058294196,0.050158089,0.248104275,0.161784359,0.192047205,0.070383933,0.062179557,0.185245027,0.339565661,0.049371527,0.059947499,0.064915428,0.129189348,0.526429136,0.426381825,0.299273353,0.169100132,0.088473775,0.037181554
404,0.277597351,0.359962593,0.061762583,0.316424173,0.213680634,0.058601637,0.050641398,0.253834606,0.162344576,0.194684032,0.070681748,0.061993433,0.189522628,0.348726106,0.049729647,0.059404981,0.065248115,0.132481135,0.558494267,0.447053608,0.306664491,0.172444609,0.08919011,0.037242557
405,0.284365607,0.368846987,0.061439551,0.319097502,0.217586889,0.057862813,0.05115184,0.259178503,0.163979498,0.198552921,0.069964642,0.06265428,0.195501034,0.353003185,0.049483147,0.060246381,0.065315766,0.134016638,0.587245529,0.46330059,0.312886931,0.173137089,0.089351734,0.036441948
406,0.285143782,0.372810446,0.061719851,0.327464552,0.216018058,0.058841616,0.050700832,0.264731336,0.163506985,0.19876266,0.07006518,0.061827442,0.197527897,0.357283891,0.049267143,0.05893125,0.064869724,0.136456364,0.615651321,0.47374042,0.31386722,0.17462254,0.090050781,0.036868471
407,0.289361968,0.378930407,0.061107542,0.333462899,0.216318273,0.058340219,0.050491903,0.270410867,0.163439332,0.199819723,0.070235263,0.061984899,0.201447989,0.361553985,0.049872485,0.059389176,0.065377142,0.139312843,0.644244411,0.487041394,0.317849103,0.176799642,0.09031666,0.037246332
408,0.291823113,0.386269899,0.060719964,0.336845633,0.217506763,0.058263154,0.050602416,0.274848457,0.16320479,0.200334849,0.070240244,0.061054358,0.204873837,0.363958077,0.049945962,0.059077092,0.064583719,0.141583759,0.673815129,0.496721831,0.32044824,0.177746132,0.090386917,0.037210036
409,0.294238383,0.394425682,0.060666616,0.341029452,0.217840195,0.059411177,0.05074748,0.279696183,0.163590586,0.200917687,0.071590764,0.062060391,0.209033988,0.365303339,0.049616884,0.058354269,0.065225897,0.145346305,0.701087229,0.50871119,0.324362725,0.178455923,0.089400639,0.037072823
410,0.299063194,0.400263209,0.060028262,0.344170509,0.218639319,0.059140324,0.050603527,0.286307128,0.162707089,0.204134285,0.070667104,0.06208661,0.211310354,0.370036894,0.050709047,0.05876916,0.066124163,0.149636858,0.729512265,0.514585068,0.328494497,0.178775213,0.089906752,0.037596447
411,0.299429997,0.402149378,0.060024382,0.346134561,0.219794019,0.058413205,0.05046497,0.289503961,0.162396042,0.202880424,0.070678719,0.061659797,0.214970441,0.368562446,0.049859902,0.057658357,0.065378182,0.151358119,0.754358095,0.522351066,0.330807467,0.178354411,0.090116953,0.036564433
412,0.302660038,0.406207426,0.060065096,0.349046625,0.219422454,0.05869336,0.049425074,0.293776841,0.161613648,0.20446319,0.069855146,0.060249908,0.21940742,0.373653167,0.050432808,0.058093189,0.065340874,0.155565183,0.781216218,0.532668476,0.332774999,0.179960431,0.090256995,0.036932483
413,0.30359501,0.40906405,0.060408444,0.349583332,0.221004439,0.058520959,0.050565093,0.298588377,0.161492093,0.20449673,0.070600487,0.061598159,0.221183186,0.374790118,0.050899524,0.057937015,0.06477776,0.160715588,0.801218244,0.533701796,0.331875495,0.181260974,0.09032802,0.037362387
414,0.309785558,0.414717498,0.061520539,0.349729068,0.221120546,0.058591288,0.050787552,0.30345251,0.161926207,0.204712724,0.071200688,0.061169729,0.2236953,0.375676941,0.050634406,0.058703122,0.06582636,0.163753461,0.818411952,0.54030572,0.335306645,0.180976819,0.090898871,0.03755981
415,0.310929741,0.418646609,0.060200062,0.349040592,0.220821072,0.059170556,0.050185712,0.306232026,0.161045314,0.205731095,0.07111883,0.060299877,0.224509785,0.376787884,0.050779407,0.058800885,0.065864018,0.167938608,0.83100368,0.541902051,0.335640741,0.180226327,0.090763245,0.036903829
416,0.309013613,0.418360656,0.060398504,0.348678062,0.221880186,0.059059187,0.050635528,0.310040076,0.159159972,0.207040866,0.071852251,0.060664719,0.227921409,0.37445893,0.051146679,0.057518336,0.066127547,0.171156402,0.845185995,0.543568169,0.336460801,0.180536396,0.090620442,0.036251996
417,0.311528465,0.42102011,0.059759026,0.346597129,0.222215471,0.059949837,0.050644953,0.313399389,0.157603653,0.207588649,0.070878757,0.060551578,0.226787853,0.376941081,0.050879214,0.057355926,0.066404809,0.173187779,0.857931699,0.54798185,0.335835595,0.179795914,0.090628596,0.037057595
418,0.311518189,0.422848121,0.059523553,0.346030787,0.220837821,0.059572236,0.050985123,0.315825829,0.157164651,0.207993898,0.071144584,0.060104041,0.229205763,0.375586368,0.050957357,0.057875041,0.066665533,0.175544581,0.866961185,0.550673567,0.335586509,0.179650636,0.090048419,0.036520723
419,0.312514184,0.422667971,0.05964922,0.345134363,0.220721112,0.059969401,0.050854904,0.316871702,0.155304202,0.208318708,0.071601006,0.060305979,0.232595467,0.373124478,0.051112079,0.058431543,0.067006239,0.178011765,0.876085257,0.551284375,0.33548525,0.18101992,0.089591901,0.036978677
420,0.311513502,0.424721926,0.059495181,0.344394061,0.219808882,0.059576459,0.051143859,0.321377838,0.154347378,0.208566473,0.071139398,0.060397331,0.23244173,0.373496112,0.050675352,0.057315073,0.06665869,0.179022402,0.882685149,0.551647966,0.335275079,0.180722248,0.089641691,0.036732486
421,0.310691433,0.42584656,0.059299868,0.343317377,0.21891053,0.059393061,0.0508819,0.321504517,0.153468168,0.208329761,0.071233256,0.060303741,0.235697973,0.372315319,0.050634215,0.057337624,0.066805692,0.180351575,0.886266053,0.550582267,0.337562042,0.181217422,0.090618072,0.036944593
422,0.312599922,0.425627825,0.058810195,0.344685258,0.218301084,0.058976277,0.051440247,0.324013934,0.152134747,0.208588048,0.071672693,0.060246774,0.237449978,0.370006036,0.050406003,0.056861699,0.066868187,0.181811572,0.890496412,0.550410446,0.338028285,0.180831458,0.090335506,0.036622934
423,0.312875556,0.425903734,0.058300955,0.343919127,0.217021422,0.059040653,0.051979366,0.328700703,0.150838906,0.207351049,0.071497204,0.060387246,0.240258403,0.368584178,0.050410626,0.057548887,0.067030273,0.183962131,0.893028384,0.548583973,0.33959229,0.18034183,0.090418984,0.036641473
424,0.315321581,0.429425062,0.058837796,0.345059187,0.216161791,0.058465596,0.0516777,0.330694416,0.150625533,0.205593353,0.071650576,0.060291915,0.245273473,0.368276386,0.050412504,0.056864362,0.067406377,0.186481756,0.90181287,0.550864395,0.340033193,0.181006257,0.09038181,0.036650598
425,0.31740452,0.428169143,0.058407103,0.346584328,0.215359178,0.058359754,0.051788699,0.33344782,0.149371802,0.206118873,0.071757632,0.060315561,0.24893135,0.367459952,0.050758336,0.056671835,0.067592752,0.191020793,0.903144756,0.550727027,0.338292095,0.181125904,0.09056139,0.03659135
426,0.319653735,0.428842472,0.057996534,0.347508109,0.215437826,0.058453155,0.051818754,0.334735631,0.14826719,0.2055477,0.072261167,0.059875922,0.250647403,0.365281755,0.050741641,0.056641239,0.067437319,0.193808622,0.90179336,0.552896295,0.337611615,0.181934689,0.090474135,0.036362448
427,0.321169934,0.432157585,0.058132801,0.345274285,0.215278328,0.058157031,0.052729771,0.341098729,0.147999063,0.203812689,0.071997646,0.060479787,0.253285311,0.363710335,0.05107882,0.056722063,0.068545794,0.198280012,0.904282455,0.550268984,0.337382716,0.183115826,0.090099697,0.036948763
428,0.32382346,0.433759851,0.058003193,0.346383791,0.215316044,0.058323623,0.052846228,0.342692197,0.147579253,0.20286267,0.072494907,0.060517722,0.258457112,0.362072128,0.051361809,0.056499633,0.068605014,0.203427046,0.911052161,0.552968919,0.339031219,0.182610865,0.090145777,0.037202975
429,0.325684714,0.435501781,0.058008377,0.345530533,0.214609253,0.059158723,0.052511391,0.347366081,0.148047847,0.201831327,0.073193633,0.060734352,0.259988339,0.359989043,0.051487182,0.056799401,0.068673741,0.207449052,0.909806913,0.554505658,0.339792861,0.182870044,0.089980633,0.037378682
430,0.327099235,0.43721561,0.057918837,0.343586448,0.214143597,0.059177659,0.053067112,0.350254875,0.148429475,0.200188727,0.073139177,0.060937227,0.263257609,0.358764043,0.052184857,0.056855718,0.070069959,0.212110899,0.912906716,0.555688754,0.34093405,0.184391195,0.090394921,0.036795126
431,0.327428408,0.437994146,0.058140433,0.342674595,0.214510843,0.059088096,0.054013858,0.353497126,0.147065748,0.199566447,0.073452018,0.06086547,0.263332828,0.35943759,0.052813356,0.056691373,0.069493599,0.217015652,0.912037658,0.55352704,0.341943641,0.184006437,0.08897728,0.037784899
432,0.327977374,0.437820457,0.057909926,0.340381291,0.213978729,0.058819638,0.053264333,0.356488336,0.145975125,0.197179972,0.073178124,0.061723526,0.265790916,0.355151082,0.052613207,0.056981775,0.069089777,0.219763451,0.911971929,0.556130913,0.341991184,0.183695061,0.089089301,0.037573236
433,0.331710951,0.438050741,0.058539702,0.341021099,0.21328566,0.058544428,0.054268536,0.358750605,0.145008704,0.196241546,0.073665996,0.062038958,0.270182551,0.351909072,0.052732587,0.056468365,0.070049764,0.223983837,0.913036614,0.558673536,0.344937141,0.183696981,0.089458063,0.037582613
434,0.332387072,0.439322256,0.058009476,0.343297095,0.21469368,0.058441723,0.054028424,0.36355055,0.145872838,0.195617984,0.074322887,0.062622974,0.274528895,0.350183178,0.052047693,0.056252398,0.06914261,0.226612668,0.916774583,0.560531524,0.344107711,0.184664213,0.089511197,0.037042557
435,0.334243271,0.440306719,0.058130737,0.342481897,0.213594963,0.058908154,0.054232377,0.363777678,0.14447244,0.193515271,0.073981891,0.062214712,0.276473729,0.344875147,0.05258931,0.056101395,0.069964216,0.228308106,0.91221644,0.556830553,0.345092775,0.184644092,0.089295212,0.037105646
436,0.334678133,0.444425857,0.058581204,0.343045716,0.213301116,0.058795666,0.054114654,0.367696179,0.143908066,0.191766634,0.073852891,0.061891477,0.282044388,0.343329991,0.05280437,0.056369965,0.070272589,0.233180029,0.914871516,0.558742042,0.346781877,0.184673508,0.08966375,0.037095685
437,0.336525433,0.44628236,0.058287732,0.341058544,0.213012229,0.058836433,0.054196187,0.371460649,0.143515724,0.189739253,0.074126463,0.06202684,0.286315062,0.341065046,0.053206683,0.055630652,0.070456487,0.238027327,0.916878356,0.561453569,0.345011892,0.184776176,0.088811939,0.036784865
438,0.336580884,0.447296697,0.058195276,0.341485483,0.214041922,0.05851321,0.053970935,0.369795611,0.142226523,0.188295681,0.074644921,0.062314219,0.29097493,0.339858878,0.052440718,0.055068428,0.070541369,0.242726854,0.914823321,0.560406335,0.346668616,0.185480011,0.089955181,0.036907579
439,0.33904759,0.449951126,0.05860014,0.342619928,0.213799562,0.059022235,0.054477547,0.374779133,0.1414001,0.187004457,0.075100562,0.062190506,0.295178516,0.33655009,0.053010872,0.055665375,0.071458198,0.248412813,0.915072044,0.562680046,0.346281866,0.18671535,0.090298839,0.036917815
440,0.342251729,0.450150312,0.058807738,0.343408775,0.214108102,0.058668437,0.054170009,0.377125636,0.141066254,0.184893088,0.075869203,0.062887647,0.299390972,0.333905354,0.052751674,0.05575231,0.07213706,0.254576941,0.920259378,0.565075134,0.348911901,0.188758789,0.090361872,0.037354298
441,0.341711251,0.449902821,0.058865453,0.341937054,0.21459479,0.058570671,0.054907296,0.37673023,0.140126285,0.182422723,0.075558646,0.062999595,0.301774858,0.328825198,0.053237742,0.055734427,0.071990107,0.258939164,0.918223442,0.562412526,0.35009796,0.18861437,0.090299983,0.037155265
442,0.341782246,0.450269808,0.058611388,0.341387905,0.212800609,0.058671077,0.05476832,0.377545113,0.138856715,0.180405489,0.075713787,0.06314559,0.305440938,0.32877527,0.052768511,0.054482036,0.072293501,0.264026375,0.918322885,0.563148018,0.347180518,0.188354913,0.088965474,0.037226462
443,0.343359467,0.450620195,0.058837007,0.339191807,0.211832552,0.058779578,0.054340847,0.376950149,0.137500713,0.177244588,0.075524766,0.063399514,0.307325986,0.326716982,0.053125692,0.054731391,0.072403033,0.26933969,0.918828134,0.562756245,0.346440939,0.188752811,0.088542318,0.037027009
444,0.345617611,0.452238616,0.059160652,0.337547716,0.21318335,0.059049191,0.055396511,0.379506634,0.136637849,0.175090043,0.075883278,0.063829811,0.312215607,0.325421254,0.05345868,0.054363549,0.072679577,0.275605099,0.919959352,0.564651426,0.347442921,0.188276542,0.08902253,0.036822601
445,0.347941167,0.45342157,0.058369764,0.337814437,0.212563928,0.059004923,0.054942774,0.37848294,0.138008138,0.174194793,0.076317134,0.0638337,0.314789662,0.320935576,0.053853313,0.054216833,0.073867332,0.282360764,0.920613731,0.564721524,0.34817247,0.188758556,0.089152927,0.036587611
446,0.348694379,0.450918699,0.058366429,0.335661453,0.212657689,0.05907489,0.054700358,0.379461912,0.136520903,0.172088891,0.077073174,0.063781231,0.318356156,0.316229882,0.053990585,0.053828234,0.073787711,0.286574146,0.915281105,0.565561115,0.348199088,0.186916878,0.089293623,0.03660208
447,0.351223086,0.453291345,0.059231895,0.335657323,0.213318065,0.059430098,0.055498836,0.380499211,0.136002287,0.171034541,0.077717932,0.06449667,0.321809081,0.313445963,0.054427701,0.053540309,0.074552044,0.291067786,0.918522148,0.566692039,0.34992456,0.188041646,0.089395993,0.036730483
448,0.351867964,0.450679767,0.058851142,0.333513688,0.213361998,0.059303572,0.055263798,0.379338858,0.135624815,0.168303846,0.077376102,0.064138758,0.324295362,0.310235328,0.054816299,0.053273079,0.074583127,0.293240932,0.915840373,0.565331128,0.349116278,0.187686138,0.089331938,0.036630853
449,0.355226685,0.455255397,0.058756135,0.333135335,0.213882543,0.05979189,0.055996759,0.382898436,0.134952739,0.167391488,0.077992166,0.064845287,0.329380833,0.310020557,0.055261321,0.05347406,0.075275376,0.298763704,0.922266624,0.566860382,0.350335009,0.187884537,0.089564117,0.036918072
450,0.355245134,0.455085815,0.058524802,0.331268347,0.214324921,0.059379163,0.055912989,0.382194074,0.134294534,0.16436954,0.078321184,0.064782648,0.333408571,0.305897497,0.055860974,0.052508922,0.075686141,0.301629065,0.92272302,0.564840958,0.348990874,0.187691241,0.088786493,0.036955238
451,0.359136087,0.453195958,0.058951588,0.330413849,0.214863774,0.059425064,0.05602487,0.384646928,0.134663029,0.162510171,0.079187344,0.064989581,0.33780901,0.302764594,0.056266503,0.052935951,0.076278702,0.305471518,0.922340861,0.563398975,0.349068023,0.186796156,0.089068774,0.037266123
452,0.360807151,0.449622585,0.059225477,0.328068232,0.214901955,0.058753777,0.055913508,0.384421497,0.133815236,0.159878961,0.079824,0.064971837,0.340965865,0.299715666,0.057159744,0.052245115,0.076805955,0.30726185,0.920836397,0.564309291,0.347791993,0.189020844,0.089148778,0.036642159
453,0.364006685,0.450193288,0.059168862,0.32715557,0.214494163,0.059225771,0.056890593,0.385092135,0.133249294,0.15715778,0.0810992,0.065236749,0.343981832,0.297007968,0.058193806,0.052133599,0.076874213,0.309429169,0.922225951,0.563051601,0.348347456,0.188736957,0.089389313,0.037465089
454,0.366601969,0.449046136,0.05979865,0.326653252,0.214942699,0.059809373,0.056704362,0.384596362,0.132729587,0.155437843,0.081490394,0.065149418,0.349453499,0.293098265,0.058592907,0.052175052,0.077408037,0.312102736,0.923557324,0.564869832,0.348990844,0.188532218,0.090178312,0.0369535
455,0.367930618,0.447506018,0.060043696,0.324949259,0.215518013,0.059478631,0.056928909,0.385235546,0.131903385,0.152685219,0.082262946,0.066170963,0.351616206,0.291661224,0.059188169,0.052208416,0.078316308,0.312108522,0.924111808,0.563714358,0.347496923,0.188228065,0.088811421,0.037291743
456,0.372228492,0.448108573,0.059686171,0.32479686,0.216954831,0.060683958,0.057155262,0.384335844,0.132403528,0.150807949,0.083213678,0.066373714,0.355570421,0.288606283,0.0602899,0.05219919,0.079278569,0.313793067,0.926292427,0.568013042,0.347900331,0.188983337,0.08866597,0.037817106
457,0.376161527,0.448109821,0.060999295,0.323597247,0.217755507,0.060179973,0.057514929,0.38377901,0.1316565,0.149599615,0.083717383,0.067033413,0.35941719,0.287633737,0.06051704,0.052458938,0.07953386,0.315956177,0.924911173,0.568367923,0.351436941,0.189857343,0.08989939,0.037520976
458,0.37916805,0.447172475,0.060846541,0.321888289,0.217509372,0.059688485,0.057525092,0.382453248,0.129906045,0.146560388,0.08448153,0.067208465,0.36088142,0.283456285,0.061968214,0.052388089,0.079836471,0.31693973,0.919862267,0.569739743,0.350187249,0.188241461,0.089360642,0.037068271
459,0.382667442,0.447474871,0.061239165,0.321192375,0.220004372,0.059783708,0.057523882,0.381600181,0.129325182,0.145368561,0.085209133,0.067588288,0.364836053,0.280617713,0.062292646,0.053002861,0.08017465,0.315443348,0.916167106,0.56931548,0.347950058,0.18824457,0.088811603,0.037529399
460,0.386842214,0.444109395,0.061818231,0.318766315,0.221004645,0.059988149,0.058273728,0.378630987,0.129215104,0.143948376,0.086477362,0.068235653,0.370554932,0.278446885,0.063375412,0.05227022,0.081028998,0.316566351,0.918468823,0.56912782,0.348460284,0.188798047,0.088829256,0.037174074
461,0.388402814,0.442203881,0.061974752,0.31859544,0.221926841,0.059969388,0.058569797,0.375994645,0.128270584,0.141495723,0.086737496,0.068701422,0.372810254,0.274953877,0.063926044,0.051990057,0.081882839,0.315111472,0.91826325,0.568439051,0.345946462,0.187980474,0.089063586,0.03713784
462,0.393214898,0.441452814,0.061468402,0.318478056,0.222803258,0.060115629,0.058154081,0.375965547,0.127416156,0.139370883,0.087261453,0.068511274,0.376159128,0.27267547,0.064817233,0.051894159,0.082763509,0.312623993,0.92112148,0.564882664,0.345519516,0.187031783,0.08895042,0.037219059
463,0.398819847,0.440483173,0.063214651,0.316475966,0.225222251,0.060110679,0.058501438,0.375842172,0.127115723,0.13829159,0.088000521,0.069562077,0.380775986,0.270844728,0.066815146,0.051887259,0.083320469,0.31118544,0.923154735,0.567069086,0.345978928,0.187425316,0.089006209,0.03722915
464,0.405636676,0.440341538,0.06329315,0.316832938,0.228960156,0.060307954,0.058712586,0.375190622,0.126600796,0.136597871,0.089585117,0.070896526,0.387218177,0.268599047,0.069242147,0.051749411,0.084662152,0.310758552,0.92353664,0.5694495,0.347440461,0.188295933,0.089016169,0.037121515
465,0.409210481,0.440476507,0.063935607,0.316426653,0.23218616,0.060474621,0.059695474,0.373364445,0.124627746,0.134758912,0.091465846,0.072459891,0.392335292,0.26615167,0.071738026,0.052300345,0.086247206,0.309053435,0.925121178,0.569270183,0.346270274,0.188280732,0.089006628,0.037049337
466,0.412866015,0.438452362,0.064785923,0.315641413,0.234849888,0.060982497,0.058928847,0.370363746,0.125051331,0.133442282,0.092153825,0.071861811,0.395692544,0.264606341,0.07270291,0.052011068,0.086590132,0.304666863,0.923013039,0.568815062,0.347001856,0.188990472,0.087982162,0.037543607
467,0.418813327,0.436055023,0.064404517,0.314571286,0.236487428,0.060114554,0.05979853,0.368398271,0.124599895,0.13175123,0.093983563,0.073233079,0.400217695,0.261670654,0.075472868,0.051536253,0.08806202,0.30178054,0.925916118,0.569069362,0.346444295,0.187475774,0.087879979,0.037143092
468,0.425433614,0.432490443,0.064915723,0.314161516,0.239022101,0.059519831,0.060239654,0.365997748,0.124382959,0.130577699,0.094735726,0.074127058,0.40254792,0.258426804,0.077325368,0.051088388,0.089024482,0.298373531,0.925663568,0.569466153,0.347165323,0.186424553,0.08782658,0.037359671
469,0.429751419,0.429704703,0.065396247,0.312298023,0.241788062,0.060153877,0.059433854,0.360976634,0.123189257,0.128100054,0.096225976,0.07450765,0.404864853,0.255559353,0.080565832,0.051016737,0.08971111,0.292273493,0.924615487,0.570768339,0.345574743,0.18614969,0.087519016,0.036876429
470,0.435879594,0.430736543,0.065747451,0.311687273,0.246719543,0.059457301,0.060182609,0.357187386,0.122542818,0.126190636,0.097844208,0.075485074,0.406784096,0.253153395,0.084115636,0.051202707,0.092221264,0.290631471,0.929205056,0.572438778,0.346670012,0.186825817,0.088124688,0.037350325
471,0.441844938,0.429043833,0.065921485,0.310991957,0.25143327,0.059718523,0.060416004,0.352416392,0.123018166,0.124032049,0.098764118,0.075258337,0.40874934,0.249738904,0.086683317,0.051031347,0.093400405,0.28504754,0.928323266,0.572016734,0.347051488,0.187298814,0.088390998,0.037797158
472,0.450366985,0.428122312,0.067663657,0.309194817,0.255868822,0.059482925,0.060721232,0.350357284,0.121889588,0.122330071,0.101546368,0.077017082,0.41358962,0.248022321,0.090060184,0.051133027,0.094493175,0.280169693,0.926572298,0.57168488,0.348717289,0.187769045,0.088925093,0.038015497
473,0.455011772,0.425595229,0.068074175,0.308568865,0.260461576,0.06039458,0.06074185,0.349067658,0.121516885,0.121298838,0.103503699,0.07803021,0.416187211,0.245831126,0.093384929,0.050925503,0.097347607,0.275699048,0.927136903,0.573232628,0.347310148,0.187752378,0.088553795,0.037304384
474,0.463667197,0.422004964,0.068329501,0.307373526,0.26308341,0.059847747,0.060150761,0.343396351,0.12106487,0.119305767,0.105152201,0.07976009,0.418529805,0.242463189,0.098066573,0.05118711,0.098134402,0.267404134,0.929344519,0.572234842,0.348591562,0.187515734,0.088172735,0.038125709
475,0.468718428,0.419506565,0.069155674,0.302313671,0.266555202,0.060104287,0.061026451,0.338442939,0.120771481,0.117633812,0.106661613,0.079887883,0.420504788,0.238336569,0.101455184,0.051036986,0.100314132,0.262501907,0.929977097,0.569923461,0.349539559,0.187305478,0.088212203,0.037684574
476,0.474358508,0.416850644,0.069084106,0.298358914,0.268875217,0.059519638,0.061029311,0.332266026,0.120854191,0.116304027,0.109844059,0.080585918,0.421435001,0.236571654,0.106432424,0.051209057,0.102571503,0.254892858,0.928167552,0.567402939,0.348586956,0.187660952,0.087542517,0.037969512
477,0.478222116,0.416919097,0.069985597,0.299256552,0.275152723,0.060294511,0.061402637,0.331193692,0.120206968,0.11454511,0.113471875,0.081771086,0.426664608,0.23366057,0.110116743,0.050273434,0.104943651,0.248024077,0.93165243,0.567220668,0.348854349,0.187711343,0.088039125,0.037295317
478,0.485980416,0.415414634,0.070844266,0.29897112,0.280182841,0.06028068,0.060985947,0.327806529,0.120579668,0.112724579,0.115958727,0.082485851,0.427440875,0.230717289,0.113944756,0.050245309,0.106944916,0.241605266,0.932857626,0.566661628,0.34995456,0.188325927,0.088218898,0.037825162
479,0.492499184,0.413649558,0.071679453,0.2965075,0.28525258,0.060567516,0.061151345,0.324025861,0.120578529,0.110717732,0.11878038,0.083800349,0.430761888,0.228375201,0.118741407,0.050054519,0.109470113,0.234694839,0.930638758,0.564456048,0.348469213,0.187009493,0.0879784,0.037423274
480,0.498857407,0.409347907,0.072008398,0.296042917,0.289211338,0.060415327,0.061260433,0.317395694,0.119401471,0.10836461,0.121147617,0.083793676,0.432373375,0.225596209,0.122878649,0.050967481,0.111853916,0.228376913,0.933812286,0.567283184,0.347647569,0.187610731,0.087913612,0.037295692
481,0.506308752,0.405614302,0.072950667,0.293791301,0.292933207,0.060911086,0.061281701,0.313300694,0.119074053,0.107064911,0.124389764,0.084799068,0.435643037,0.222538885,0.127474069,0.050136265,0.11370309,0.224105721,0.935134722,0.568039085,0.346670679,0.186279695,0.088312974,0.037970991
482,0.513362247,0.40166412,0.073481021,0.291393206,0.294054615,0.06101845,0.061189192,0.306636403,0.117679139,0.105389816,0.128084706,0.085761864,0.436934767,0.21939419,0.132261911,0.050210244,0.117031846,0.220030196,0.936215481,0.566274907,0.346788354,0.18774301,0.088201685,0.037900438
483,0.518612769,0.397225141,0.072773487,0.289864287,0.298880758,0.061005417,0.061248246,0.300198884,0.116322797,0.103841836,0.133049943,0.08710484,0.438638397,0.215910227,0.136598257,0.050194457,0.119563786,0.216888471,0.934871883,0.566239121,0.348084605,0.18827684,0.08767399,0.038316389
484,0.521023219,0.3936975,0.073078246,0.289379203,0.301708367,0.061509506,0.060596116,0.293348348,0.116485811,0.101534334,0.137866874,0.087016947,0.437997252,0.212356544,0.13970666,0.049567413,0.122956637,0.211340351,0.934464577,0.565718303,0.34462046,0.187272232,0.087838579,0.038185095
485,0.523454553,0.389045772,0.072763154,0.286885449,0.301866059,0.061169029,0.060572711,0.287953027,0.114343811,0.09981191,0.14073586,0.086342651,0.437605062,0.208184311,0.142631355,0.049367446,0.1246182,0.206538133,0.930519548,0.564982637,0.342130231,0.186785055,0.087957091,0.037945253
486,0.526770422,0.385321197,0.072849444,0.283871525,0.30035937,0.061021805,0.060717515,0.284053871,0.113496974,0.098312221,0.143288825,0.086288874,0.437273629,0.205695815,0.144226758,0.049081763,0.125736536,0.202872172,0.929619796,0.563877151,0.340203259,0.185696582,0.08685255,0.037389905
487,0.535319213,0.384627216,0.073653277,0.283644791,0.304024018,0.061541256,0.060826003,0.279392805,0.113581782,0.097312331,0.149734337,0.087370543,0.44032703,0.203758401,0.1495452,0.049303709,0.13004775,0.200608289,0.932932884,0.566089173,0.34204994,0.185863595,0.087200939,0.037716703
488,0.541700254,0.380583979,0.074283599,0.281583522,0.307890166,0.062495688,0.061578404,0.272670126,0.113432925,0.096745672,0.156541019,0.08751636,0.439620449,0.200178968,0.15444573,0.049200081,0.135299853,0.197323428,0.92929338,0.566921033,0.344139182,0.186164013,0.087447102,0.037620951
489,0.546149905,0.377550517,0.073705875,0.279337614,0.308773829,0.062648759,0.061520779,0.26792882,0.113475209,0.094810747,0.160622977,0.087608748,0.438758718,0.196869438,0.157339817,0.049348284,0.138652482,0.191887546,0.929198593,0.566843443,0.344325861,0.186024361,0.087389834,0.03740828
490,0.549450402,0.373795493,0.073254528,0.276220903,0.309373213,0.062726698,0.061678591,0.262004517,0.112751734,0.092532442,0.164358062,0.088114285,0.437143286,0.194909541,0.160096252,0.048931958,0.141290268,0.187103948,0.930425362,0.565880253,0.343863159,0.185568428,0.086607272,0.037071426
491,0.555812928,0.372378139,0.07472893,0.277356749,0.313327636,0.063470296,0.062752416,0.255862273,0.113014343,0.092394351,0.17250899,0.089376246,0.439922973,0.194354548,0.165367825,0.049210766,0.14604113,0.18228962,0.935139206,0.570155256,0.344592952,0.186618071,0.086284175,0.037929517
492,0.559628627,0.369133469,0.07517085,0.275623357,0.316734566,0.063553431,0.062985234,0.247667217,0.113200492,0.091131645,0.179869515,0.090112948,0.438220562,0.191831914,0.170806313,0.04949968,0.151853208,0.177366674,0.935507937,0.572875015,0.346205506,0.187364987,0.086452214,0.037898563
493,0.562319216,0.36513234,0.075067873,0.274314102,0.315188496,0.063745123,0.063154259,0.243111536,0.111759516,0.089689192,0.185470667,0.089695588,0.436543937,0.188990956,0.173178601,0.04918298,0.155626487,0.171859302,0.935480698,0.573167475,0.347922551,0.186618978,0.085943884,0.037873501
494,0.563571973,0.361255947,0.074919436,0.272197889,0.315412218,0.063411957,0.062749498,0.239126842,0.111528256,0.087637829,0.19003008,0.089405108,0.432049357,0.187505024,0.176203815,0.049150773,0.157946067,0.16652113,0.929576041,0.57026845,0.34627646,0.185005511,0.086115044,0.03695887
495,0.571199998,0.356875434,0.076232864,0.27218502,0.315275494,0.064195165,0.063748315,0.234232831,0.11206737,0.087596617,0.1977791,0.091679274,0.431461534,0.186467265,0.181711229,0.04939473,0.164149408,0.161086622,0.937393622,0.570978104,0.347407677,0.186009922,0.085910063,0.037127065
496,0.576386973,0.351752805,0.077214967,0.270418774,0.315430526,0.064721474,0.064445729,0.228313882,0.11139547,0.085899657,0.208084109,0.092368365,0.43024858,0.185173562,0.186441809,0.049593949,0.171869885,0.155842125,0.936497764,0.569494047,0.346662856,0.187525009,0.086684926,0.037917625
497,0.577525269,0.34623753,0.076672097,0.272586392,0.315001443,0.064340981,0.064962919,0.22306243,0.110793993,0.083263122,0.217106729,0.094289324,0.426986334,0.183446468,0.191312244,0.049719181,0.177495239,0.150021604,0.935138762,0.568482709,0.346480935,0.187248298,0.086391836,0.037790486
498,0.579637133,0.34473071,0.078332839,0.270815382,0.318335565,0.065424528,0.065397309,0.217937388,0.110660408,0.083172187,0.226998806,0.095670402,0.42401612,0.182231506,0.196268874,0.049762866,0.182429595,0.144316668,0.935581877,0.572303802,0.347301323,0.187164951,0.087144841,0.037608071
499,0.582847168,0.341456845,0.079287295,0.269449086,0.319559542,0.065278071,0.06615347,0.214122677,0.111132161,0.08283508,0.23657353,0.096985703,0.423273116,0.179771568,0.202679271,0.050070029,0.188071649,0.138292186,0.935885429,0.572272356,0.347279652,0.187708061,0.087162738,0.037342614
500,0.586884749,0.340772807,0.07982086,0.267342475,0.321475173,0.066293853,0.066254961,0.209835405,0.111554012,0.082778209,0.24618488,0.098062217,0.421989365,0.177721114,0.207828645,0.049659716,0.194592543,0.134063487,0.938060961,0.572309542,0.348410136,0.187094703,0.08755402,0.037515939
501,0.586619135,0.336442551,0.082157566,0.264211856,0.322134332,0.065916614,0.067194495,0.204842014,0.11039772,0.08231053,0.258050873,0.100102165,0.419339727,0.175678083,0.212391533,0.049851624,0.200014086,0.128832501,0.931879537,0.570565486,0.346596013,0.18502331,0.088247945,0.037938687
502,0.587641744,0.335956406,0.083276655,0.265643257,0.322476985,0.066154146,0.067662331,0.203093722,0.110872136,0.081843921,0.268487179,0.102450648,0.416723406,0.175663081,0.221097378,0.049899744,0.208120421,0.124663784,0.937273502,0.572904645,0.350859468,0.187527319,0.088033667,0.037973001
503,0.58881975,0.333090239,0.084727626,0.264106878,0.322835578,0.066661771,0.068211418,0.199830728,0.109953848,0.080244624,0.27897216,0.104959209,0.412711536,0.175064344,0.227452507,0.050209152,0.215472022,0.119366871,0.940569061,0.572646959,0.351471249,0.187015195,0.087438683,0.03762646
504,0.58876433,0.325645887,0.085902718,0.262893298,0.323019329,0.066372281,0.068399537,0.194170797,0.10893238,0.079378927,0.292033157,0.106623738,0.4099551,0.172202692,0.233625555,0.049932532,0.220597115,0.113968232,0.938439273,0.575755377,0.349797514,0.18889506,0.087370381,0.038111607
505,0.586353238,0.321415699,0.087687107,0.262906105,0.323109733,0.067363354,0.06944184,0.190595613,0.108725959,0.078968164,0.303138839,0.109502808,0.408141667,0.169128959,0.240441743,0.050002537,0.224758772,0.109939062,0.937844365,0.573741795,0.348759851,0.188178275,0.087226199,0.037805552
506,0.588230737,0.318062158,0.089395555,0.260496617,0.321367645,0.067311422,0.070433646,0.187204418,0.108071807,0.078904784,0.314643757,0.1129935,0.405118319,0.1682839,0.246473466,0.05038707,0.230020606,0.10589922,0.937579084,0.572410339,0.349336392,0.187817264,0.087334317,0.037817939
507,0.588160867,0.316932987,0.092130331,0.257969993,0.323572224,0.066732046,0.070533457,0.184318943,0.108033421,0.077672258,0.328405318,0.116011818,0.40355799,0.166175571,0.255194739,0.050187119,0.235962619,0.101944727,0.940385818,0.572112056,0.35022276,0.187130644,0.08675823,0.037560643
508,0.586350537,0.313726877,0.094180929,0.257991465,0.322672592,0.068118025,0.071395893,0.18059418,0.108090059,0.07724271,0.341469129,0.119533958,0.399213073,0.165033812,0.266414065,0.049776188,0.24233981,0.097505175,0.941294254,0.573245872,0.351617242,0.188855493,0.087055325,0.038128455
509,0.589134473,0.308377167,0.096172002,0.256452098,0.321482764,0.067701227,0.072610218,0.177483193,0.107287732,0.07623957,0.350593092,0.123220268,0.396807729,0.162782338,0.273922341,0.049892008,0.2485462,0.093127339,0.939747677,0.5735408,0.351227434,0.187188182,0.087359719,0.037444563
510,0.587187236,0.304197822,0.099309988,0.254228942,0.321888842,0.067478109,0.073443976,0.174660497,0.106342372,0.075971212,0.363470984,0.127198484,0.392934752,0.161946506,0.283689575,0.05016186,0.252656424,0.090067578,0.938564118,0.573443688,0.352367963,0.187616071,0.087776262,0.037158781
511,0.585936671,0.299769915,0.102106081,0.253189229,0.323299206,0.06816015,0.075058242,0.171477997,0.106016298,0.074460453,0.377431189,0.131494977,0.389366581,0.160054793,0.295078266,0.050421111,0.258503353,0.086475123,0.93844791,0.573020818,0.350906926,0.189036068,0.08933284,0.037836713
512,0.586060037,0.297939502,0.10492703,0.251460151,0.321318892,0.068851435,0.074984819,0.166598369,0.106069551,0.07348961,0.388605155,0.135696894,0.382738347,0.157608764,0.306450977,0.049754003,0.264180479,0.083172712,0.93950468,0.571736654,0.352406857,0.187552614,0.088227815,0.037043835
513,0.586570537,0.294807335,0.108366775,0.250363368,0.31977285,0.069597437,0.076497292,0.16383444,0.105058637,0.071492778,0.400084913,0.140532675,0.378720536,0.156126617,0.317932762,0.049792829,0.268822912,0.080089445,0.943614721,0.572705218,0.352942505,0.187622525,0.088132291,0.03693662
514,0.586156629,0.291029623,0.112144705,0.246784609,0.318571978,0.069519134,0.078065018,0.159299009,0.104351745,0.071543491,0.410394377,0.144944523,0.371848292,0.153557218,0.330235093,0.049580635,0.274499616,0.077994953,0.941219562,0.575417609,0.354420666,0.188012275,0.088182163,0.037281964
515,0.583133609,0.286445868,0.115934292,0.243627792,0.31500234,0.069610295,0.078477062,0.15766322,0.103783266,0.069966876,0.418983968,0.151136044,0.366149788,0.15132067,0.340796687,0.04962731,0.278681259,0.074813244,0.937520203,0.574878339,0.35387339,0.188183637,0.087524263,0.036867434
516,0.581459963,0.282467494,0.119792661,0.242136791,0.315607166,0.070335842,0.079173546,0.154083698,0.102306132,0.06900885,0.428826169,0.156676952,0.360602038,0.148210233,0.354712391,0.049875083,0.282157497,0.07240493,0.936617763,0.573943779,0.353767717,0.188964639,0.088022829,0.037577576
517,0.578366903,0.2777984,0.123525201,0.239726366,0.314132393,0.069859827,0.080803222,0.150031968,0.101903712,0.068020823,0.44199008,0.163493223,0.356594744,0.145762177,0.366665121,0.049788787,0.286936896,0.069909703,0.936525738,0.571330103,0.353223763,0.188724349,0.088718643,0.037541285
518,0.577769529,0.275370303,0.128181147,0.239443559,0.314690295,0.070490884,0.08334313,0.1482198,0.101629192,0.067749589,0.456461623,0.171938468,0.351546628,0.14382766,0.384852636,0.050291513,0.292760103,0.067742407,0.944524199,0.574086792,0.354331142,0.190377175,0.089417553,0.037321163
519,0.577319137,0.27013531,0.134241209,0.237045415,0.313074258,0.071280611,0.084986244,0.145111714,0.101201815,0.066450695,0.466387205,0.178333493,0.346548657,0.140240489,0.396767453,0.049825156,0.29790666,0.065666031,0.939948912,0.575168725,0.354997895,0.189507661,0.088847524,0.037762563
520,0.571348086,0.265227508,0.137805201,0.235127786,0.311321061,0.071187636,0.086010473,0.142242665,0.1002503,0.065757319,0.471787365,0.182779528,0.339464811,0.13818832,0.409261244,0.049303578,0.301002795,0.063497447,0.936356843,0.57185513,0.35354034,0.189626998,0.088126744,0.037144434
521,0.57206148,0.261638537,0.14235211,0.231808372,0.309514539,0.071160329,0.088102854,0.140127137,0.099585204,0.065014611,0.480894463,0.192169001,0.334596939,0.135419341,0.421810127,0.049283558,0.305540758,0.061833032,0.935600809,0.5738249,0.352693272,0.188874898,0.088676719,0.037558199
522,0.573989342,0.257582103,0.147018327,0.227732253,0.307584241,0.071758801,0.090714117,0.138974976,0.100286505,0.064287556,0.487561802,0.201102271,0.328710238,0.133161538,0.438317441,0.049210246,0.309781394,0.060556652,0.937285518,0.574031348,0.353257947,0.18935386,0.087665967,0.037359063
523,0.572976706,0.254893674,0.151510643,0.226155368,0.303324068,0.072260184,0.092289345,0.135260548,0.099771794,0.063477695,0.495858068,0.210465306,0.323843823,0.13041383,0.455094873,0.049885528,0.313571537,0.05963877,0.9359578,0.576181072,0.353503513,0.189563931,0.088051457,0.037362429
524,0.56904096,0.250836408,0.155308248,0.224258848,0.301687858,0.072776557,0.094229001,0.131848561,0.099078978,0.062306261,0.504437933,0.21848615,0.317653388,0.129274104,0.468888113,0.049007204,0.315796839,0.057828165,0.934981496,0.575064005,0.351810749,0.189303688,0.089049076,0.037262205
525,0.566764485,0.247691729,0.15968582,0.224907821,0.297922108,0.072939992,0.097271052,0.130701524,0.098910071,0.06180478,0.51129022,0.22936089,0.31376035,0.128168789,0.484311801,0.04890302,0.321602325,0.056578526,0.940217722,0.575531602,0.353033389,0.189935746,0.089785155,0.037242733
526,0.564620832,0.244589132,0.16428022,0.222043004,0.298740646,0.073898301,0.099913208,0.128346857,0.099599686,0.061035782,0.519316986,0.239449711,0.305364397,0.124643196,0.495161117,0.049359297,0.323172565,0.055229295,0.937963231,0.574304433,0.353274537,0.19066851,0.089541703,0.037225923
527,0.561149325,0.241577765,0.167662914,0.22039779,0.296334565,0.074571992,0.102460912,0.125947141,0.099335829,0.060628267,0.523988888,0.247466439,0.300443633,0.123209712,0.509597625,0.048915272,0.325516275,0.053786895,0.937567813,0.570979057,0.352136399,0.190914554,0.090051086,0.036976184
528,0.561538622,0.239086364,0.170726225,0.217913174,0.294077186,0.074676903,0.105088316,0.123670526,0.099627262,0.059795928,0.531443153,0.254896798,0.294774516,0.121463192,0.521840036,0.048993929,0.327401031,0.053424983,0.938124319,0.568555718,0.352119154,0.190769855,0.090224427,0.036867766
529,0.556776355,0.236867192,0.174372595,0.215739822,0.291700693,0.075382492,0.10849452,0.121361604,0.100579485,0.059370449,0.538606476,0.267937318,0.290113766,0.118586917,0.539106184,0.048887882,0.330943925,0.051898797,0.937670543,0.572003992,0.353423328,0.189680351,0.090869783,0.037201931
530,0.553139899,0.233631533,0.175620614,0.213825545,0.289103525,0.075160512,0.111439044,0.119284329,0.100023482,0.058265015,0.539804929,0.273835296,0.285505498,0.11629105,0.550591164,0.048300965,0.331842866,0.050569006,0.933542828,0.571216135,0.352530539,0.189401239,0.091178483,0.036895025
531,0.549652997,0.233350978,0.176087957,0.211503708,0.287360485,0.075177553,0.114179075,0.117774342,0.099730804,0.057783235,0.539797591,0.279391365,0.281495498,0.114918231,0.559002102,0.048167979,0.331259128,0.049953823,0.932174315,0.566969538,0.351204674,0.189084905,0.090741579,0.036644415
532,0.550638502,0.233525333,0.177858673,0.211125093,0.284470669,0.075554707,0.119385567,0.118313096,0.10116756,0.058041563,0.545092655,0.288063038,0.276048163,0.114651181,0.574371682,0.048742266,0.333296659,0.049583661,0.932585197,0.565796833,0.353520552,0.189801466,0.090201872,0.036978954
533,0.547403475,0.230735464,0.179740651,0.208909683,0.283182212,0.07595922,0.124700139,0.116296829,0.100787021,0.057835358,0.548597456,0.298149677,0.269849285,0.1134924,0.589160443,0.048239005,0.338411553,0.04896204,0.929881953,0.568152626,0.35391885,0.190288896,0.091671743,0.036940552
534,0.544068732,0.228951963,0.181510746,0.207156698,0.282467433,0.076296407,0.130376342,0.115492437,0.100893657,0.057360672,0.554278691,0.309110471,0.264603075,0.11252706,0.602235578,0.048648687,0.341702312,0.048138974,0.929367561,0.569183802,0.352631852,0.19115826,0.092420386,0.037040905
535,0.540125524,0.228384573,0.181139076,0.206559109,0.281173948,0.076876268,0.133489326,0.114748974,0.101492854,0.057015064,0.553048868,0.314072856,0.259225951,0.110434927,0.606213527,0.048773795,0.340857663,0.047019592,0.926888867,0.567171487,0.352240255,0.191104377,0.092142624,0.036749721
536,0.53818345,0.227581964,0.1805434,0.204994016,0.281055536,0.076057898,0.139307516,0.113652363,0.100415683,0.056592364,0.555509835,0.320856901,0.255035575,0.110808244,0.616046675,0.048533755,0.340448973,0.047334397,0.92915647,0.567116366,0.350632013,0.189441228,0.091939349,0.037130995
537,0.534513887,0.227175913,0.180347767,0.204443361,0.28378288,0.077437632,0.146883474,0.113383683,0.101444733,0.056951633,0.56257765,0.331368993,0.250328709,0.111131826,0.631139374,0.048986206,0.341888459,0.046473387,0.935827763,0.568633639,0.353919761,0.190588604,0.092951532,0.037017463
538,0.529186274,0.226041352,0.179863574,0.203901081,0.2842005,0.077523514,0.151760782,0.112113554,0.101243515,0.05667981,0.562528959,0.337807287,0.244292099,0.110706507,0.637771067,0.049271111,0.342652076,0.045831427,0.931071877,0.568643962,0.354259985,0.189606841,0.093264758,0.037198673
539,0.527514254,0.225988942,0.178960579,0.201990641,0.28359384,0.077378102,0.157167772,0.111937744,0.10172069,0.056384019,0.557820185,0.343597051,0.240133266,0.110857879,0.64142945,0.049231126,0.341806908,0.045451457,0.930874155,0.566581772,0.354236133,0.189753417,0.092851151,0.036938937
540,0.522524559,0.224376004,0.176693419,0.200215519,0.283223141,0.076735393,0.164200449,0.110888726,0.101736607,0.05682044,0.559223737,0.350829062,0.234939925,0.110366717,0.649689843,0.049279096,0.342260498,0.045015312,0.932503671,0.569003638,0.354299719,0.18825391,0.09335545,0.036999499
541,0.517094878,0.224417086,0.17557832,0.1991703,0.285031796,0.077347391,0.17101527,0.11000593,0.102427689,0.05636668,0.56267239,0.361009238,0.228449844,0.11160018,0.657343743,0.049427097,0.344156207,0.04546008,0.935760194,0.573765384,0.355603949,0.189991136,0.094386493,0.037101231
542,0.509350086,0.222092385,0.173534776,0.195872294,0.284601052,0.077412094,0.17790225,0.108388686,0.10126674,0.057046903,0.560068976,0.365634705,0.221659252,0.110887697,0.662210671,0.049396299,0.341504214,0.044055159,0.931108676,0.574824859,0.354734872,0.190204327,0.094002493,0.036732233
543,0.508168376,0.221846705,0.171614671,0.195049672,0.284046553,0.077060391,0.181886461,0.107091143,0.101009728,0.056872073,0.557713279,0.368003903,0.217625934,0.110288696,0.666924438,0.049419427,0.339842011,0.043869474,0.93050922,0.57419169,0.35225626,0.189509355,0.094161008,0.036635749
544,0.507136231,0.22282564,0.170554172,0.194785322,0.285640735,0.07760071,0.186709851,0.107412947,0.10080182,0.057071836,0.557471768,0.373591278,0.213271017,0.11073952,0.672928687,0.049404914,0.339432695,0.044131565,0.933246692,0.575335574,0.352440138,0.190136802,0.09404052,0.036735642
545,0.503800057,0.223827109,0.16929768,0.192538205,0.287114908,0.078086619,0.192425294,0.106688687,0.101644013,0.058030089,0.557694042,0.382769471,0.208672789,0.111609966,0.679583195,0.04985166,0.338661525,0.043733298,0.93491537,0.572335301,0.353376767,0.190610648,0.094662701,0.036930028
546,0.50193927,0.221022676,0.16711657,0.192708413,0.290602474,0.078884737,0.19750039,0.106131037,0.102427766,0.057670254,0.557886182,0.389498699,0.205014912,0.111843594,0.685112829,0.050463105,0.336870414,0.043777937,0.935179342,0.573345814,0.355208038,0.191157073,0.095022525,0.037172739
547,0.499445093,0.220330193,0.165851621,0.19178336,0.292611974,0.079491599,0.203298803,0.105429313,0.102400857,0.058352615,0.557621624,0.397598489,0.199539848,0.11242855,0.68974791,0.050432732,0.336153027,0.043809964,0.935804165,0.573947884,0.355769903,0.191228123,0.094626548,0.037155935
548,0.494456977,0.220586409,0.164643545,0.192370079,0.294981554,0.079495632,0.207381992,0.104402882,0.103045942,0.05834483,0.558970075,0.404330494,0.195446309,0.112887424,0.692251641,0.050169088,0.335202728,0.043488242,0.936782806,0.576137463,0.357053423,0.191322651,0.094844139,0.036809129
549,0.490743649,0.21843196,0.162075985,0.18949475,0.294133508,0.079643627,0.212411399,0.103914926,0.102767277,0.057667528,0.555436328,0.408109425,0.190718207,0.113472269,0.695409321,0.050328178,0.33256322,0.043440658,0.936383231,0.573966492,0.354892171,0.189971071,0.0947085,0.036498879
550,0.488566646,0.2185691,0.160747664,0.188969523,0.297950208,0.080317425,0.219061606,0.103850329,0.103966942,0.058810718,0.556588674,0.416723365,0.187127873,0.114457504,0.701515292,0.050935157,0.328966736,0.043558306,0.938106317,0.575927543,0.357077432,0.191033527,0.094641302,0.036578225
551,0.487556433,0.217519378,0.159218266,0.188796666,0.298187848,0.080925818,0.224894629,0.103476872,0.104380163,0.059007886,0.554872032,0.423581192,0.182469081,0.11360845,0.707929734,0.051188187,0.326791448,0.043803894,0.936873857,0.574426984,0.357209093,0.190350054,0.094414154,0.036596749
552,0.485507062,0.218600895,0.156920741,0.187641301,0.300603663,0.08083314,0.230079438,0.102432551,0.105752641,0.058970616,0.553227685,0.431360431,0.179504268,0.115225686,0.712755997,0.051291899,0.321616205,0.043180044,0.936830501,0.577452427,0.355145988,0.191297318,0.095068914,0.03727724
553,0.481060091,0.216251294,0.15467869,0.186381485,0.300963801,0.080799752,0.235776653,0.101871394,0.106641947,0.059324618,0.55319806,0.439970191,0.173508331,0.115492716,0.713394176,0.0518014,0.319573543,0.044022488,0.939923204,0.580057841,0.357368766,0.19153878,0.094873074,0.036608348
554,0.476368345,0.21595862,0.153298324,0.185056749,0.300054334,0.081609749,0.241863895,0.100615409,0.10717143,0.058378881,0.551017245,0.445916067,0.168277189,0.114933678,0.720339558,0.051534476,0.316032776,0.043278294,0.942624004,0.582849219,0.359321904,0.192063017,0.09473185,0.036525993
555,0.475516022,0.215544267,0.152654959,0.184377297,0.29909574,0.081757699,0.243923207,0.100223367,0.107972152,0.05912624,0.548825025,0.453130749,0.16294235,0.114032046,0.725522406,0.051582382,0.313325984,0.043380013,0.942433475,0.583182403,0.360849352,0.192048231,0.095649955,0.036866409
556,0.471280791,0.214911776,0.150460201,0.181790898,0.298758603,0.082716807,0.24874073,0.099439871,0.10946603,0.058588076,0.545178957,0.461632122,0.158011848,0.114185563,0.728094686,0.052222533,0.30878757,0.043413934,0.937861652,0.581735952,0.359557334,0.191110092,0.09429231,0.036999002
557,0.470591903,0.213262035,0.149268116,0.181378039,0.300216363,0.083190646,0.254713524,0.099059301,0.110419374,0.058172429,0.546816518,0.469795404,0.154320496,0.114083348,0.733383917,0.052351429,0.304006132,0.043346336,0.940567838,0.580849295,0.362459624,0.190588771,0.094996706,0.036612517
558,0.462558726,0.211621705,0.146112785,0.179737793,0.299274063,0.08259411,0.258941787,0.097835472,0.110704957,0.057716592,0.546342702,0.477356176,0.150438073,0.113501131,0.736831556,0.05229626,0.30030604,0.042534413,0.940500431,0.577824274,0.362763884,0.190129548,0.094702157,0.036506494
559,0.460618018,0.210793914,0.145591958,0.178693233,0.29856882,0.084408149,0.266511007,0.097692441,0.112315511,0.057590467,0.548428,0.486349686,0.146298509,0.113793221,0.743464142,0.053507751,0.294307613,0.043305494,0.943926686,0.580972799,0.36481167,0.191035608,0.095858396,0.036654286
560,0.456421673,0.209258357,0.144556528,0.177780144,0.298202501,0.08508385,0.270574573,0.096104299,0.114008491,0.057076871,0.548392247,0.494129045,0.143439098,0.113303439,0.74492758,0.054038655,0.289329355,0.042489302,0.943879495,0.581539468,0.36524552,0.191139816,0.095831993,0.036928126
561,0.449396471,0.208499646,0.142597539,0.176458447,0.297368566,0.085691939,0.27525755,0.097201895,0.114100616,0.057339302,0.547370531,0.501931893,0.139709589,0.112263322,0.748251768,0.054259773,0.284529538,0.042266959,0.943308017,0.583898159,0.366926633,0.191847595,0.096200906,0.036750377
562,0.440317727,0.206244215,0.14084651,0.175864577,0.294710088,0.086177778,0.280333699,0.095332614,0.113622434,0.057294244,0.541844341,0.509022897,0.135473953,0.11174881,0.751751631,0.054692731,0.278693771,0.041909623,0.945705987,0.581760957,0.366538918,0.190754693,0.095081526,0.036394328
563,0.434531359,0.205624787,0.139510364,0.172664915,0.292462511,0.087278574,0.283616319,0.094953119,0.11461649,0.057091422,0.538875392,0.518921698,0.13137216,0.110646057,0.751984021,0.055088196,0.273401195,0.042126598,0.94624706,0.581560315,0.367068969,0.191463122,0.094766035,0.036163712
564,0.431280598,0.203340613,0.136830944,0.170757798,0.29269168,0.087367091,0.291385722,0.094505231,0.113976101,0.05742809,0.535092,0.524299784,0.127795791,0.10975313,0.753927371,0.055308708,0.269649545,0.041509376,0.944617984,0.582800505,0.364839828,0.191521038,0.094773476,0.036262598
565,0.424040478,0.202610864,0.134170001,0.166506139,0.290872859,0.089011288,0.297879901,0.093143404,0.114425821,0.056605181,0.531424313,0.528865207,0.124571345,0.10951617,0.753252997,0.055964412,0.264108661,0.041450952,0.939891795,0.584344267,0.364114061,0.189971536,0.094973976,0.036414408
566,0.419290441,0.201618856,0.133935666,0.167083906,0.293391957,0.090244767,0.307035239,0.093333402,0.114063424,0.057443967,0.530311293,0.538900861,0.122651551,0.109128865,0.758278328,0.055894753,0.262178419,0.041496378,0.938863999,0.588340326,0.367907484,0.19304691,0.095175261,0.036652406
567,0.411999007,0.201146089,0.132112527,0.164551674,0.295638141,0.090977047,0.315326055,0.09162355,0.114010213,0.057499191,0.527137212,0.543563954,0.11881606,0.108599446,0.759612859,0.056014087,0.258359724,0.041833093,0.940612293,0.588854927,0.368225,0.193918801,0.09511051,0.036586265
568,0.407401731,0.199540343,0.131648845,0.162566612,0.297482894,0.091221988,0.322392961,0.090903295,0.112074611,0.057660974,0.522407874,0.546704306,0.116716074,0.108582506,0.756605864,0.056263297,0.254331057,0.041297946,0.943811838,0.588574844,0.367992693,0.192943968,0.09493083,0.036415613
569,0.402359025,0.199971371,0.131292056,0.161620957,0.29767209,0.09197236,0.329649248,0.091115334,0.113279546,0.058344775,0.518429487,0.550371905,0.115087552,0.108594982,0.755141753,0.056123758,0.250352929,0.041733551,0.942138502,0.5870298,0.366555523,0.193100362,0.094605766,0.036363477
570,0.397165986,0.198711128,0.129270357,0.159273343,0.298898553,0.092710189,0.338903626,0.090094536,0.113505884,0.058260309,0.513537109,0.551846598,0.112736806,0.109422555,0.758556692,0.057149195,0.24401166,0.04136409,0.942791701,0.583072655,0.366403791,0.193243097,0.094453814,0.036752447
571,0.393237567,0.199514595,0.128238795,0.156041294,0.300266127,0.094506567,0.347653723,0.090274448,0.11284396,0.059260445,0.509487966,0.552720691,0.110255614,0.110658869,0.760324184,0.058123495,0.239837851,0.041152943,0.943831555,0.584159739,0.366786366,0.193647518,0.094264674,0.036657318
572,0.389186283,0.200509975,0.127689285,0.156195514,0.301710665,0.096374048,0.357424038,0.090222031,0.113816897,0.058945965,0.507916112,0.558265599,0.107845521,0.111242016,0.763163865,0.058646377,0.235836715,0.041767119,0.944147997,0.584639999,0.36541113,0.19371396,0.094336971,0.036832029
573,0.381379228,0.199284944,0.126784817,0.153731143,0.30348143,0.096408598,0.365688476,0.089371767,0.113765573,0.059377385,0.501023923,0.560415803,0.10566515,0.111202202,0.763338142,0.058075944,0.230740533,0.041665076,0.941312308,0.584342811,0.365310846,0.193220025,0.093467058,0.03644917
574,0.376676779,0.199004101,0.125780459,0.153478688,0.306960459,0.097742152,0.375870698,0.089087062,0.114727419,0.059643224,0.497672242,0.560960919,0.104455477,0.11282203,0.761581946,0.058855834,0.225923959,0.041140775,0.94561065,0.58236688,0.363654696,0.193062116,0.093563775,0.036469977
575,0.372905833,0.199686692,0.124365492,0.153614454,0.313194871,0.098084268,0.387121483,0.089533878,0.116080837,0.05961149,0.494583647,0.565117751,0.103186097,0.114858094,0.762553897,0.059668638,0.223812859,0.042130292,0.950084979,0.586231368,0.363630987,0.194009927,0.094267776,0.03625098
576,0.370251297,0.199709053,0.123385081,0.152421297,0.319528364,0.099956601,0.400158929,0.089008434,0.117746294,0.060429647,0.490176793,0.567540414,0.102271268,0.116704128,0.76494658,0.061990832,0.219110764,0.041389346,0.9488453,0.583822713,0.364995,0.194095605,0.094560494,0.036017442
577,0.363814863,0.19986515,0.12204295,0.151120685,0.323903812,0.100625398,0.409959229,0.088424272,0.120067571,0.061140086,0.486165088,0.569973093,0.100850743,0.118119546,0.763344239,0.062341277,0.214833906,0.041479608,0.94317803,0.583748014,0.364167728,0.19435553,0.093766831,0.035842764
578,0.361054503,0.200903521,0.120895784,0.151843587,0.329632634,0.103211904,0.421535002,0.089358125,0.124383583,0.062376123,0.483769542,0.574771183,0.101424665,0.120893931,0.766988366,0.064124663,0.210154226,0.042449116,0.949279726,0.583871959,0.366598452,0.196064186,0.094699713,0.036046743
579,0.353156076,0.200895755,0.11893351,0.151386919,0.336920084,0.103416062,0.430569497,0.088635605,0.127634716,0.061739203,0.47953044,0.575915055,0.098626573,0.124040242,0.765764996,0.064510993,0.206302172,0.041365722,0.946385814,0.586331194,0.364584712,0.195442215,0.093488296,0.036103087
580,0.349733636,0.202190362,0.119792385,0.152440052,0.342632691,0.105993649,0.439276469,0.088469715,0.131500424,0.063565065,0.476697546,0.576003384,0.097540903,0.12684228,0.766254859,0.067327099,0.203161779,0.041549875,0.947863965,0.58936214,0.364862159,0.195497393,0.093022185,0.036004623
581,0.345649316,0.201385478,0.118277546,0.151969608,0.349952406,0.107671652,0.451063197,0.08824109,0.137107376,0.064129979,0.470021688,0.577870839,0.097411707,0.131127535,0.763395837,0.070225534,0.197967716,0.042152951,0.945948134,0.587485857,0.363309565,0.195725771,0.093218137,0.036011786
582,0.342024719,0.203486571,0.118064902,0.15291062,0.359695757,0.110180459,0.462374746,0.088753261,0.143337417,0.065330093,0.464255088,0.583978859,0.096836524,0.13541415,0.765123435,0.072668177,0.194763339,0.041939805,0.955330929,0.591431777,0.364668587,0.196386947,0.093596296,0.036244824
583,0.336012301,0.204084058,0.115810067,0.153927661,0.365692698,0.112005546,0.471649989,0.088875443,0.149523033,0.066062551,0.457052127,0.59213767,0.094862167,0.139119586,0.764145735,0.07534024,0.190168323,0.041580977,0.952458966,0.588766161,0.36541537,0.197634566,0.093319288,0.036189511
584,0.33425546,0.207468178,0.116702736,0.153761508,0.372907734,0.113792143,0.478563879,0.089305813,0.157531492,0.066435699,0.45512613,0.595288578,0.095174099,0.144182344,0.767894791,0.078106199,0.185621119,0.041035004,0.951811467,0.588550611,0.365561418,0.197126442,0.093686758,0.035917108
585,0.33084556,0.211374793,0.116000743,0.154311884,0.384145108,0.116139964,0.488749266,0.088889549,0.166607473,0.067139461,0.454090635,0.598588038,0.09437846,0.148633099,0.771331975,0.08121247,0.18228513,0.040660448,0.950841808,0.590867443,0.369126471,0.198809771,0.093204599,0.036012513
586,0.324451854,0.212545909,0.115001202,0.153986691,0.39062045,0.118798542,0.496287576,0.089308946,0.178070275,0.068300487,0.450408564,0.599457642,0.094133139,0.153478236,0.770319759,0.084556737,0.180186766,0.040136771,0.949525487,0.588018548,0.365619622,0.198888539,0.092859266,0.036360804
587,0.320699905,0.215864307,0.114674936,0.154434911,0.400958093,0.121460507,0.503884436,0.088770393,0.188769653,0.069053321,0.446458877,0.600487042,0.093313608,0.159096817,0.769377593,0.090471629,0.175566603,0.040402567,0.949936704,0.583618398,0.367488123,0.197905144,0.092786628,0.03641622
588,0.314806335,0.216975678,0.113453637,0.15274276,0.408584713,0.123050211,0.509429813,0.08927629,0.200492134,0.070871753,0.441480009,0.603988497,0.090858478,0.163899671,0.769126688,0.095397455,0.171060543,0.039810102,0.949923208,0.583297906,0.364772952,0.197537679,0.092833888,0.03684797
589,0.310328862,0.219153063,0.11381907,0.154308002,0.418933526,0.126649949,0.518182549,0.090433028,0.213344052,0.07164325,0.439598804,0.60883888,0.09274141,0.170477191,0.7698316,0.101700445,0.169814827,0.041093511,0.950998016,0.584227374,0.366711462,0.197470582,0.092900553,0.036352405
590,0.302601024,0.221266751,0.112154004,0.153531714,0.42469546,0.128549625,0.522689591,0.089080331,0.226113871,0.072867711,0.436067828,0.612889926,0.090645042,0.176148573,0.771132023,0.10781165,0.164213309,0.040682449,0.947248514,0.582260393,0.367180769,0.196009927,0.092581735,0.036748341
591,0.298777915,0.224287358,0.110963871,0.153257843,0.429566894,0.130349265,0.528534923,0.089090407,0.23820729,0.073718726,0.429935045,0.618392922,0.089568821,0.181905936,0.768489994,0.114330365,0.15980599,0.040886313,0.950598552,0.583917158,0.366705671,0.195341198,0.092864935,0.036321057
592,0.293275987,0.223981459,0.110815288,0.15259605,0.436318872,0.131466496,0.532122612,0.089807436,0.251618394,0.074426598,0.421663728,0.619277303,0.088649645,0.189617334,0.766119157,0.120102371,0.156547431,0.040542157,0.952008806,0.582560741,0.363717532,0.195765934,0.092904167,0.036252254
593,0.290042334,0.227460419,0.110508264,0.151715123,0.442208637,0.133103112,0.535196705,0.08978958,0.263683243,0.075471817,0.416120085,0.621657391,0.087786377,0.195801282,0.759987857,0.12814109,0.152989423,0.040716113,0.951964526,0.58134423,0.360655045,0.195654217,0.091622207,0.036118146
594,0.286585269,0.230043611,0.108701408,0.151265031,0.447831061,0.133967821,0.539106515,0.090393293,0.277227777,0.076627749,0.41355471,0.626820748,0.087430011,0.20289011,0.761003622,0.136058299,0.150353956,0.041030336,0.952832696,0.583307677,0.361271193,0.196709946,0.091724502,0.036561802
595,0.280860206,0.232231162,0.108883553,0.150661516,0.457194094,0.135354823,0.545054665,0.090595917,0.291646793,0.078533956,0.408240308,0.630529784,0.086449806,0.209592309,0.761060773,0.145899046,0.146376887,0.041520124,0.957764751,0.585147828,0.363538591,0.197134892,0.092421252,0.037056296
596,0.276481661,0.232131731,0.108955794,0.149486053,0.46281451,0.135911046,0.545916452,0.089461316,0.304500158,0.079231519,0.40337067,0.634152936,0.08565692,0.214750957,0.757689837,0.154505321,0.141358647,0.041167718,0.951675422,0.580860168,0.362390707,0.194971585,0.091905363,0.035972387
597,0.272615758,0.233384523,0.108711457,0.149313133,0.472888983,0.136832542,0.549653621,0.089585976,0.31957686,0.080853632,0.400206004,0.63647946,0.085100112,0.223317134,0.760454652,0.165128207,0.137043258,0.041520845,0.951444821,0.582466688,0.363560136,0.195992511,0.092492992,0.035986114
598,0.268204318,0.237014267,0.108181807,0.148142603,0.478563572,0.137515112,0.554259826,0.089364638,0.3348835,0.082203641,0.395865333,0.639720264,0.084081274,0.232388329,0.761446918,0.174983266,0.132558049,0.04155942,0.947178775,0.581682075,0.363245721,0.19605547,0.091960524,0.036345681
599,0.26364668,0.237964986,0.107004401,0.145373722,0.480745777,0.137374868,0.558464171,0.089129124,0.347573524,0.082412953,0.391491397,0.640104766,0.083439515,0.240207713,0.762603803,0.185079303,0.129419325,0.041036937,0.942640817,0.581984845,0.362340859,0.194179801,0.092067013,0.035958297
600,0.260559266,0.24003056,0.106257424,0.145086279,0.486947105,0.138618014,0.564549053,0.089198934,0.362913203,0.083847151,0.390338477,0.649773669,0.083176813,0.251755732,0.766456954,0.194922642,0.126556913,0.041723683,0.948583457,0.588517143,0.364704136,0.195039318,0.092338656,0.036369069
601,0.256668018,0.239191198,0.105991321,0.145085466,0.491181081,0.139037722,0.559538382,0.087905682,0.380903959,0.084858096,0.383983871,0.651678577,0.082648894,0.260024522,0.757922243,0.209000345,0.121301279,0.041364646,0.947486801,0.584745254,0.364630313,0.194866751,0.092164893,0.035964779
602,0.251207971,0.242321118,0.104843036,0.143165431,0.4954931,0.139619631,0.561187663,0.087809841,0.392607779,0.084806011,0.379372379,0.654150045,0.081811803,0.271711371,0.75686274,0.219289775,0.119454476,0.041575098,0.947849664,0.584230005,0.362345448,0.194390052,0.092324528,0.036090292
603,0.249182934,0.242548537,0.104123299,0.142221362,0.499053396,0.140679799,0.56355235,0.088015922,0.407352964,0.08593343,0.374837651,0.657298592,0.081461862,0.281033009,0.760395237,0.233331856,0.115870381,0.042129389,0.947795301,0.583468268,0.36220874,0.195213121,0.092610088,0.036113999
604,0.244283777,0.242879515,0.10344483,0.141674401,0.500571659,0.141027906,0.564372275,0.08682672,0.418641381,0.087121378,0.373184984,0.659615021,0.081006003,0.293207513,0.760368409,0.246309631,0.113220792,0.042011278,0.948196714,0.583468553,0.361975205,0.194896249,0.093114736,0.035856442
605,0.241406947,0.243737289,0.103189555,0.140545255,0.502458634,0.141995133,0.564882814,0.087039955,0.434618015,0.087267822,0.369128622,0.664113231,0.080358793,0.305020663,0.755607573,0.259939697,0.110998263,0.041638338,0.944484298,0.582082892,0.361372932,0.195164561,0.092410502,0.035685938
606,0.238853282,0.24595941,0.103460686,0.139982835,0.507480227,0.142396844,0.566695285,0.086503643,0.450230814,0.088789263,0.366879539,0.669960347,0.079633423,0.318136225,0.757181293,0.273845934,0.108570204,0.041593789,0.946336219,0.585900953,0.362141723,0.194538114,0.09244842,0.035891571
607,0.23534577,0.247701532,0.102010143,0.13879316,0.50842685,0.142045047,0.564385919,0.086905026,0.46106955,0.088718747,0.36237536,0.671779591,0.079368495,0.331068042,0.751744798,0.287013489,0.106265111,0.041233353,0.942545091,0.581769897,0.359540795,0.194001174,0.091858179,0.03543648
608,0.23562663,0.247885956,0.101319256,0.139270984,0.514721589,0.142667747,0.566586312,0.08725915,0.476369821,0.091585813,0.360565387,0.676456764,0.079252313,0.34556868,0.755807871,0.301708683,0.104475382,0.042090909,0.94405119,0.582177211,0.361371243,0.193548639,0.09153176,0.035050171
609,0.234247446,0.247426652,0.100838786,0.138589706,0.515108344,0.142711149,0.569637117,0.087180319,0.491741132,0.092054726,0.359057424,0.681228358,0.078971582,0.362321938,0.751856347,0.319767008,0.103888591,0.042314092,0.946384579,0.58699286,0.364352145,0.194348405,0.090717934,0.035420375
610,0.229447161,0.246120122,0.100138244,0.137836276,0.518741604,0.143309014,0.570481264,0.086560479,0.506862991,0.0921819,0.355572311,0.683273853,0.078029115,0.379076097,0.74617145,0.337790662,0.102041583,0.041691952,0.945330598,0.587410145,0.362019059,0.192940835,0.09099898,0.035588182
611,0.226993198,0.244563784,0.100579236,0.137262294,0.519660697,0.142604986,0.572404687,0.085797043,0.51876736,0.093190761,0.353163541,0.683499951,0.078148711,0.395119738,0.745035785,0.352928454,0.100343093,0.042013885,0.943063735,0.585913824,0.361208551,0.192894246,0.091234765,0.03562005
612,0.22593855,0.244368434,0.099610512,0.136831238,0.521588245,0.143565517,0.574632255,0.08510944,0.524717586,0.092916716,0.350608454,0.684945981,0.077150189,0.410124355,0.745344366,0.369098925,0.098900889,0.042389557,0.941960546,0.583615113,0.361866585,0.193331982,0.090254563,0.035219789
613,0.223294116,0.244883871,0.100014849,0.136091618,0.526455342,0.144742639,0.577186128,0.086449548,0.539657985,0.092641448,0.349786105,0.688601901,0.077376832,0.42745923,0.748146121,0.386399749,0.096834978,0.042983418,0.945081488,0.585953527,0.361921656,0.19219602,0.090110509,0.035428035
614,0.221073165,0.244134112,0.099875508,0.135912338,0.527847778,0.144577705,0.579809501,0.086160854,0.552500662,0.092365796,0.345885718,0.69248133,0.07560002,0.441380342,0.751176985,0.400337703,0.095757711,0.043221683,0.943547218,0.580764601,0.360938797,0.191500759,0.090815158,0.035160267
615,0.220104205,0.244391326,0.099429401,0.135061049,0.532365896,0.146642225,0.581260395,0.085775297,0.568961635,0.092821675,0.343504662,0.695378941,0.075611283,0.460853162,0.754670023,0.416050116,0.094138403,0.043149428,0.945980524,0.583419211,0.360011246,0.191026264,0.091523644,0.035318537
616,0.218767743,0.243664245,0.098992527,0.13480495,0.533750755,0.146866396,0.57877299,0.084709097,0.57507638,0.092753386,0.340758418,0.697309883,0.075951866,0.475836062,0.751977898,0.430184107,0.091810763,0.042565634,0.94709714,0.585006059,0.360503274,0.191830895,0.091844684,0.035589215
617,0.219001413,0.243686718,0.098039642,0.133689467,0.536062201,0.147648827,0.57877781,0.085086578,0.584076885,0.092990245,0.339934773,0.695630855,0.075838502,0.490802043,0.753813413,0.446905939,0.091237794,0.042869329,0.948949707,0.584339676,0.359335757,0.192164444,0.090991835,0.035089165
618,0.216333439,0.243528986,0.098734187,0.134262445,0.540389307,0.148832775,0.58190923,0.084421354,0.591317814,0.093040905,0.339688901,0.698999623,0.075761941,0.502754337,0.753673992,0.463301476,0.090307051,0.042991634,0.946522464,0.582216444,0.36059477,0.192114299,0.090984797,0.035710299
619,0.21634579,0.241976844,0.098568802,0.133669389,0.542595722,0.147694329,0.582830723,0.084947616,0.59983331,0.09304738,0.339122748,0.703977761,0.076309251,0.519695889,0.753646555,0.48276588,0.089298229,0.043511333,0.947796193,0.582662793,0.360796092,0.193505877,0.091790514,0.035739564
620,0.21610301,0.240095152,0.097924359,0.132780775,0.539497444,0.148499725,0.585797746,0.085801595,0.603923692,0.092424083,0.335721157,0.701554479,0.076166429,0.532742396,0.756546308,0.495223496,0.088305242,0.043442286,0.950438641,0.585707222,0.361383656,0.194005811,0.091553801,0.035545815
621,0.214633453,0.236838756,0.098240106,0.132740116,0.541645224,0.150193441,0.583124045,0.085434539,0.61213558,0.091523766,0.333787384,0.700270212,0.07701332,0.543692254,0.757334526,0.505734751,0.08761314,0.043964644,0.946850935,0.584350697,0.35973431,0.192101997,0.09131092,0.036240503
622,0.213381005,0.234987037,0.097382213,0.131276762,0.543606542,0.148017436,0.583560324,0.084991023,0.616015947,0.090729187,0.331875365,0.697078052,0.075692768,0.557741894,0.756756492,0.515049089,0.085671713,0.04340005,0.943486627,0.57935154,0.358818341,0.191677924,0.090370636,0.035781258
623,0.214308739,0.235065649,0.096799233,0.13176366,0.546692679,0.149456819,0.585228569,0.085576299,0.617105139,0.090883556,0.330371918,0.696625858,0.076351312,0.573557144,0.755253482,0.526084112,0.084932918,0.043739909,0.944633354,0.578754871,0.359580464,0.192452871,0.090782407,0.035900532
624,0.214066395,0.235134027,0.096785703,0.131297214,0.552257142,0.148513785,0.588477719,0.085889455,0.61936361,0.09080328,0.328794771,0.698428685,0.075803277,0.58815871,0.753319226,0.540578509,0.084835068,0.043342901,0.949216837,0.579169282,0.361445814,0.191927142,0.09024376,0.035983563
625,0.213245652,0.23447764,0.096375546,0.132275383,0.560031581,0.150335646,0.592281814,0.085097033,0.62365964,0.091621785,0.329349124,0.705811327,0.076005146,0.597089282,0.754027874,0.553674163,0.084251896,0.04313066,0.951324375,0.580662187,0.359098256,0.192785964,0.090526439,0.036499354
626,0.21227471,0.23441902,0.095519746,0.131349297,0.561749017,0.149943925,0.592542041,0.084312355,0.628948261,0.092288501,0.328368232,0.706563097,0.075668422,0.606721258,0.754453717,0.562279211,0.083148933,0.042657557,0.947204204,0.579046824,0.357976727,0.191925536,0.090317578,0.036572382
627,0.210588255,0.236313091,0.096438347,0.130153264,0.56301976,0.151118092,0.595455883,0.085325795,0.630523617,0.092422544,0.326898725,0.704912654,0.076049854,0.618356719,0.756987338,0.575095288,0.084192516,0.043414603,0.946229889,0.581762871,0.355631789,0.192007188,0.091041432,0.036706144
628,0.209094283,0.236940092,0.096113401,0.13152204,0.564145002,0.150422179,0.602627876,0.08484285,0.631504733,0.09115291,0.326558438,0.703971559,0.075370438,0.62823095,0.755571471,0.587057519,0.082983558,0.043010969,0.945156141,0.580997442,0.35845126,0.191267669,0.090576568,0.036184179
629,0.208721911,0.237116819,0.095339874,0.131193612,0.560096428,0.151124328,0.605725956,0.085309829,0.63255421,0.091759585,0.325401656,0.701262651,0.07519706,0.636485811,0.754232454,0.591082259,0.082742982,0.04238654,0.942616876,0.579795495,0.355733224,0.190314374,0.089641742,0.035827054
630,0.208602746,0.238383043,0.096524914,0.131079894,0.562482208,0.150545881,0.602495056,0.085999123,0.633537421,0.091153561,0.322790835,0.700810801,0.075158936,0.645208631,0.754113503,0.600884913,0.082735988,0.042997713,0.943069008,0.579422155,0.352410086,0.188329476,0.089092425,0.036423449
631,0.209208563,0.240474498,0.096159453,0.130683326,0.567829715,0.15150334,0.606213664,0.086342045,0.636238456,0.092421886,0.323533705,0.705158991,0.076022592,0.66243046,0.75810274,0.611151915,0.081598737,0.043651305,0.950960998,0.578773732,0.353958948,0.190350478,0.089568565,0.035811497
632,0.209158393,0.241953657,0.095302511,0.131163345,0.572418074,0.151606191,0.608222341,0.087576873,0.638410105,0.094026335,0.322915564,0.705091013,0.075667203,0.673610608,0.758473586,0.616375016,0.080652892,0.043448042,0.953026426,0.578820282,0.356475104,0.190771433,0.089853094,0.036112836
633,0.207933147,0.243268936,0.096162232,0.130051728,0.57540152,0.152707928,0.610469621,0.087856471,0.636735919,0.093980349,0.322494974,0.702963855,0.076350288,0.685084438,0.761010195,0.627253309,0.080464115,0.043127323,0.951673949,0.579628025,0.356011753,0.18890104,0.089820491,0.036159397
634,0.208187895,0.242660435,0.096194037,0.129077077,0.580962973,0.154188513,0.61436454,0.087881822,0.634136203,0.094794269,0.3228377,0.699064042,0.075223833,0.687995734,0.759770522,0.635215798,0.079866512,0.043408268,0.948659089,0.581849912,0.354603115,0.190193438,0.089246663,0.035996104
635,0.205510016,0.245518855,0.095655801,0.128597989,0.586198433,0.154934228,0.613249398,0.088960473,0.63283499,0.095643343,0.324202725,0.69981008,0.075664564,0.692694732,0.760389336,0.643330917,0.078615782,0.043302843,0.943991896,0.579697517,0.354844493,0.189978657,0.089554987,0.036477301
636,0.20536248,0.24759347,0.096023201,0.128085247,0.588438565,0.157061982,0.615436719,0.089113132,0.636922446,0.097366786,0.323747831,0.701780612,0.075273714,0.700855782,0.758706304,0.649181211,0.078222215,0.043130091,0.944617465,0.579024348,0.354464471,0.189334176,0.089378529,0.035953185
637,0.203400585,0.248818465,0.096031017,0.128340553,0.587536617,0.156013687,0.620496156,0.090254321,0.637720865,0.098657511,0.322907449,0.700216331,0.075093933,0.708771999,0.757873354,0.651197216,0.077004395,0.043515013,0.943159632,0.579492793,0.355666536,0.189369378,0.088997025,0.036593063
638,0.204032887,0.251182811,0.095424677,0.127111298,0.59065285,0.157919336,0.626088753,0.090054573,0.636878294,0.101247478,0.32314029,0.703735714,0.076054078,0.719428562,0.758667735,0.655248119,0.078163446,0.044185252,0.946584823,0.580213845,0.356597387,0.189240736,0.089757062,0.036256607
639,0.205423889,0.254181348,0.096282609,0.127817665,0.595179338,0.1594272,0.628776255,0.091252081,0.635062763,0.102852082,0.321677457,0.702557945,0.07599976,0.730423707,0.761269557,0.662708248,0.078338209,0.044774269,0.950512377,0.580014984,0.356378825,0.189605805,0.090409631,0.035937744
640,0.204389608,0.256541572,0.095407525,0.126995694,0.598211284,0.159473096,0.627266351,0.09111186,0.633891333,0.10380708,0.322674038,0.703987718,0.074486158,0.734686669,0.758562782,0.663261905,0.076817206,0.044863231,0.946990998,0.581465019,0.355639773,0.18984882,0.090061071,0.036852201
641,0.202731439,0.257653226,0.095167758,0.127074237,0.598326012,0.161203873,0.631912306,0.090729218,0.633970326,0.105810177,0.31899285,0.706368034,0.075169655,0.738176146,0.757082353,0.665346065,0.077101645,0.044989617,0.948440837,0.581744259,0.355824679,0.187599393,0.089445013,0.036403476
642,0.203842307,0.260135199,0.095619572,0.128034091,0.596929869,0.161879806,0.634025643,0.091504368,0.633199387,0.108721837,0.320635417,0.706970309,0.075632365,0.744964918,0.760849533,0.670025898,0.077576218,0.045171667,0.951845848,0.584999013,0.357071556,0.188515197,0.088898627,0.036964989
643,0.202420382,0.266606947,0.095445064,0.126635727,0.598752503,0.162542899,0.635161987,0.092083536,0.632410202,0.111005941,0.317665502,0.710800132,0.075536637,0.753610551,0.76261576,0.66963453,0.076604206,0.044711632,0.952334036,0.580356769,0.35727342,0.186707055,0.088603367,0.037299973
644,0.202615949,0.267681045,0.095667637,0.128428751,0.601622656,0.16312699,0.633286872,0.092370571,0.630971394,0.114842133,0.318991206,0.705042212,0.075015645,0.755543597,0.761108756,0.671859554,0.076328328,0.045821928,0.949603292,0.583893746,0.354298418,0.187338052,0.089180438,0.036940929
645,0.200165926,0.271485015,0.095686689,0.129325271,0.605085329,0.163389249,0.636146318,0.093073595,0.629888104,0.117509644,0.318834232,0.706061493,0.074940953,0.76417385,0.762658762,0.675689747,0.076181565,0.045821726,0.948574947,0.587401998,0.354703741,0.188549999,0.08940643,0.036841178
646,0.201103347,0.275912441,0.096531123,0.130457419,0.608169696,0.165133621,0.641708923,0.094755019,0.633975344,0.121147169,0.317786578,0.710238478,0.07503071,0.768907393,0.768034968,0.679579713,0.076642883,0.046599025,0.949937858,0.586265654,0.355165286,0.188446463,0.088353617,0.036827681
647,0.198796318,0.279922436,0.096122006,0.130418764,0.614188396,0.167865062,0.638811864,0.093966397,0.628966372,0.126328926,0.31639771,0.706762959,0.07544048,0.776823683,0.763203132,0.678811177,0.076363503,0.04640404,0.948734476,0.586174788,0.354328682,0.187312096,0.089249151,0.037165196
648,0.198954199,0.283692706,0.096858393,0.130618866,0.61723989,0.168888399,0.64251655,0.09479277,0.6266837,0.130577569,0.313576839,0.706774292,0.075720615,0.77869058,0.767891976,0.679735868,0.075533552,0.046371218,0.94427234,0.584089156,0.3525192,0.187638734,0.089879629,0.037571849
649,0.198725286,0.288277775,0.09676073,0.130024856,0.614739302,0.170268993,0.645566497,0.094620869,0.62169014,0.134131359,0.315140891,0.704686831,0.075227099,0.784776094,0.772458165,0.679945802,0.074850081,0.04567072,0.943204126,0.583346054,0.351408584,0.185169077,0.089475288,0.036151923
650,0.197983511,0.296147393,0.097413998,0.131726001,0.614680743,0.172172398,0.644822943,0.095660435,0.623722604,0.138872775,0.311177052,0.706330627,0.074810985,0.788610971,0.775716473,0.682909549,0.074083084,0.046732519,0.949754157,0.584258072,0.352413708,0.187517085,0.089838167,0.037006288
651,0.197109537,0.301409556,0.098662933,0.131889188,0.617062125,0.173388873,0.647869861,0.097217723,0.626645413,0.144939668,0.31422722,0.708248872,0.074825142,0.786975642,0.775481733,0.685930275,0.07449054,0.046703975,0.951873469,0.584872618,0.352303119,0.185761338,0.090256803,0.036742673
652,0.199663929,0.306642974,0.09919639,0.131463784,0.622207912,0.174997184,0.652665395,0.097934402,0.625321192,0.1499448,0.313305866,0.711127678,0.075269935,0.788572834,0.778095132,0.683818782,0.073869492,0.046936888,0.956355022,0.586737579,0.35452024,0.187167326,0.089471336,0.036495668
653,0.198619473,0.313153491,0.098043808,0.132720408,0.624132622,0.175946265,0.655112443,0.098966074,0.620709158,0.155873044,0.312998247,0.711821444,0.075034755,0.793325787,0.777208735,0.683720279,0.0746594,0.046751845,0.95954902,0.583807582,0.351847373,0.184268079,0.0886899,0.036759967
654,0.19809494,0.315391726,0.098461645,0.133450677,0.627741223,0.176933009,0.654483949,0.09964512,0.621800913,0.163902421,0.313457002,0.712163139,0.075435864,0.801470619,0.776958688,0.686379097,0.073851234,0.046909624,0.955856947,0.588310077,0.351765368,0.183784004,0.089070526,0.036919566
655,0.197924382,0.318663952,0.098861175,0.133613284,0.627076241,0.178120993,0.652795676,0.10092571,0.622428078,0.169934696,0.310993257,0.712120634,0.075732968,0.807002892,0.777740269,0.685169131,0.073933389,0.046429639,0.953042228,0.583980783,0.352033722,0.184636013,0.089682337,0.037712797
656,0.199250088,0.322112575,0.098018048,0.133408882,0.631777632,0.179531708,0.65399578,0.101864005,0.618141073,0.178953548,0.314231411,0.707186395,0.075883071,0.806613288,0.780180905,0.681797814,0.072925991,0.04756395,0.948219692,0.57824341,0.351389648,0.184349516,0.090168848,0.037505395
657,0.198743399,0.327849837,0.098100012,0.135128752,0.63396101,0.182329361,0.657814075,0.101569721,0.618984045,0.186855728,0.315722046,0.71079621,0.07632898,0.807831179,0.785089556,0.686391264,0.073831194,0.047057682,0.947962477,0.583414336,0.353417516,0.184173795,0.08893946,0.037145284
658,0.199083164,0.333624617,0.099012941,0.135006107,0.636806605,0.184743071,0.654301714,0.102750246,0.615128684,0.195800402,0.316556572,0.712895817,0.076533166,0.809833857,0.785006511,0.688142449,0.07314477,0.047601506,0.948354565,0.587151969,0.351771833,0.184994827,0.089130346,0.037680705
659,0.19935794,0.339081717,0.099460009,0.135678642,0.639585935,0.18704269,0.660773795,0.104047084,0.617323475,0.207810711,0.31430799,0.718489933,0.076872231,0.815876679,0.785270514,0.689164322,0.072836849,0.047844944,0.953400088,0.588132891,0.351471038,0.186753227,0.089963658,0.037738566
660,0.198120184,0.340826127,0.09791146,0.135964667,0.637659237,0.188588605,0.658260125,0.103503934,0.616807461,0.216472546,0.315583186,0.715691511,0.076964434,0.814453303,0.785329151,0.688926699,0.073070321,0.047905975,0.95293295,0.586127863,0.352001615,0.185835286,0.08955343,0.037825386
661,0.198770428,0.345152114,0.098055052,0.135309781,0.638115506,0.188946465,0.659860423,0.103780281,0.615125672,0.226209112,0.316941929,0.713932665,0.076254713,0.813639748,0.784190058,0.68923891,0.073134204,0.048156973,0.953901983,0.588568493,0.352081626,0.185332589,0.089076631,0.037392589
662,0.198934812,0.349160356,0.098635653,0.135558524,0.640912318,0.189966127,0.66016506,0.104417231,0.613913069,0.237961339,0.318581982,0.711543237,0.076595363,0.81470647,0.789557377,0.689603611,0.073654325,0.048370538,0.953637284,0.588820698,0.351183631,0.184601366,0.088973297,0.037799457
663,0.200410044,0.354482569,0.097971642,0.136497056,0.639031838,0.191686806,0.659348385,0.104962645,0.612967275,0.249355289,0.319149521,0.710355624,0.077482791,0.818839352,0.78933918,0.69138673,0.073256625,0.048424219,0.95906848,0.587215175,0.353224713,0.183900818,0.088337402,0.037586026
664,0.20211132,0.359293219,0.09863579,0.136596855,0.639455719,0.194300593,0.662167018,0.106478356,0.615628561,0.263344751,0.320344414,0.710817045,0.077267931,0.823161032,0.788868646,0.693340645,0.073671221,0.048990053,0.955432108,0.588785905,0.352601824,0.18448429,0.087958945,0.038008536
665,0.202277297,0.360761695,0.098968484,0.135774907,0.639667099,0.195873761,0.661425468,0.105808769,0.61515871,0.276545446,0.320274127,0.716677595,0.078087015,0.82443876,0.789667214,0.697112379,0.073031718,0.048777253,0.953638753,0.587692906,0.351470518,0.185322718,0.087102381,0.037956604
666,0.204360224,0.36388395,0.099378614,0.137788947,0.639327052,0.196343504,0.662781312,0.108547659,0.615587057,0.289227564,0.321127405,0.720417649,0.077308171,0.82424545,0.789476575,0.699127937,0.073392514,0.049817494,0.949582821,0.584829716,0.351510535,0.185194874,0.087896983,0.037621887
667,0.207251508,0.367618101,0.099301992,0.137778223,0.63846753,0.198689626,0.657593403,0.109810137,0.616928943,0.304260397,0.321739787,0.719671484,0.077732546,0.826277638,0.793465482,0.697849007,0.073254569,0.050006672,0.951296266,0.584465078,0.351059243,0.184974332,0.087921556,0.038152406
668,0.207223207,0.373775789,0.099287882,0.138185615,0.635473757,0.199319575,0.658244903,0.110326314,0.617373314,0.317039666,0.324441919,0.719083132,0.078488188,0.830874041,0.793388954,0.702815872,0.074221023,0.050404009,0.954274178,0.581245397,0.352130693,0.18540892,0.088835831,0.037395271
669,0.208288208,0.376634284,0.098933703,0.138008963,0.639249483,0.202288456,0.654502445,0.111599644,0.620881665,0.333578447,0.324797303,0.720118097,0.07861913,0.833924996,0.792974789,0.698027924,0.073415903,0.050365893,0.956913338,0.579835721,0.349948125,0.185247777,0.087849959,0.037508133
670,0.207656864,0.37742769,0.098726071,0.137966537,0.638808008,0.204023977,0.653525595,0.112290407,0.618052181,0.349536508,0.327360499,0.72036567,0.078449356,0.834826027,0.788777676,0.699834146,0.073791205,0.04961394,0.954322062,0.579947162,0.348439004,0.185447932,0.08785319,0.036860186
671,0.208385833,0.384122197,0.099627342,0.137812718,0.634945543,0.206935337,0.650543161,0.11279427,0.618868637,0.367628231,0.328625754,0.721068978,0.078520886,0.836484454,0.788434008,0.701112149,0.07314557,0.050252531,0.952169418,0.579884775,0.346834323,0.1854824,0.087692588,0.037030846
672,0.211780831,0.386603195,0.0991129,0.137250628,0.633166808,0.209547843,0.652860514,0.114827912,0.620006617,0.381158548,0.332085791,0.721814323,0.079192112,0.835099521,0.788820603,0.703812942,0.074549457,0.050144586,0.949817729,0.57996801,0.347682934,0.185534661,0.08746757,0.037019449
673,0.212769906,0.390310675,0.100255612,0.136300436,0.632550869,0.211974583,0.649779929,0.116119357,0.623703132,0.396630563,0.336756003,0.72242078,0.078921133,0.840449632,0.792287603,0.701604928,0.074806103,0.050491019,0.950433032,0.580869885,0.34732997,0.18517248,0.087402395,0.037167089
674,0.211666868,0.391851203,0.100578865,0.134923029,0.624331703,0.213595767,0.647585057,0.115144378,0.62311748,0.41134358,0.335891779,0.718543127,0.078729983,0.835301782,0.787908421,0.700322863,0.074512824,0.049916799,0.942746005,0.580778121,0.343732463,0.183995923,0.087251534,0.037525563
675,0.216547818,0.394193184,0.101295391,0.136946056,0.62659625,0.216786891,0.650028939,0.117411174,0.627902738,0.429800303,0.338141095,0.723054506,0.078840635,0.838738943,0.791264009,0.703876117,0.075167688,0.049654264,0.946663076,0.585296463,0.343290881,0.187162635,0.087403032,0.037493216
676,0.215463581,0.396312474,0.100602154,0.135713145,0.624189491,0.219318468,0.646510582,0.119178216,0.624641557,0.446065507,0.338044318,0.720900081,0.078824525,0.836808538,0.792291913,0.706340169,0.075353833,0.050382164,0.950033108,0.580952301,0.344933718,0.186582319,0.087074433,0.03756278
677,0.216116916,0.397655136,0.100355789,0.136043881,0.623151407,0.221585041,0.641160361,0.120543166,0.623723734,0.463294197,0.338481458,0.722804383,0.078955414,0.837622584,0.790065669,0.711245863,0.075823466,0.0509198,0.952270696,0.581486511,0.343930218,0.184037251,0.087594989,0.037363758
678,0.218429207,0.400789231,0.101388522,0.135855258,0.627521261,0.2244499,0.647448093,0.123143823,0.629813329,0.479351403,0.343241054,0.725954538,0.080048952,0.838644066,0.793018929,0.714286097,0.076231827,0.05059641,0.957821499,0.583208279,0.347381413,0.184402361,0.087771261,0.037154119
679,0.219257017,0.398594493,0.10248193,0.135414749,0.621047948,0.225962403,0.648460471,0.12293042,0.62673214,0.497484676,0.345121184,0.727780745,0.079526888,0.843198652,0.790612424,0.715174206,0.076720255,0.050504232,0.954866614,0.58359855,0.345897199,0.182532173,0.087112256,0.037236875
680,0.221227046,0.400198908,0.102593736,0.134415518,0.619668228,0.229494661,0.644861378,0.124306423,0.626334469,0.513318077,0.34339582,0.732616194,0.079056716,0.8406004,0.791927977,0.718466662,0.076111547,0.050447644,0.951347519,0.584329892,0.347083546,0.182494643,0.087468623,0.037660385
681,0.223145829,0.402168889,0.102521371,0.13491412,0.619221601,0.232145503,0.647517888,0.12577066,0.6303043,0.528962692,0.346438175,0.735233016,0.079471144,0.844392491,0.790953945,0.719736921,0.077005976,0.050590556,0.94998224,0.587390607,0.349623432,0.18437659,0.087214275,0.037677163
682,0.225269687,0.400142745,0.102544078,0.134200695,0.617210152,0.236198615,0.642830391,0.126237496,0.629373551,0.54214188,0.348903915,0.73295343,0.077891318,0.838784398,0.791485121,0.72147488,0.076689972,0.051281125,0.951634137,0.584737882,0.34638247,0.18260257,0.086494416,0.03733022
683,0.228039002,0.401278813,0.102836291,0.132582553,0.613079089,0.238231154,0.637057592,0.128522193,0.628895943,0.554358551,0.35085317,0.732234476,0.078658802,0.843737228,0.791007282,0.724503767,0.076513486,0.050935895,0.95135191,0.582553556,0.34675941,0.183202537,0.086574114,0.037721827
684,0.229259004,0.400851189,0.102574372,0.13132036,0.606981253,0.240970095,0.639489313,0.131017051,0.629056465,0.570064938,0.352578786,0.732890364,0.078858669,0.842626776,0.78956015,0.724122595,0.076860656,0.050702258,0.94923158,0.583231435,0.344833739,0.184265118,0.086931449,0.037925971
685,0.23288797,0.400030429,0.104091672,0.130914961,0.602004406,0.244952083,0.636672791,0.133604686,0.631467317,0.584278037,0.354759653,0.734583206,0.078840045,0.841873801,0.786691735,0.728490718,0.076439645,0.051882889,0.954467304,0.581544191,0.346545747,0.184554145,0.086337806,0.037777312
686,0.233633234,0.400170653,0.105119591,0.130635543,0.59679618,0.247693716,0.636985213,0.135646591,0.634572493,0.598120488,0.355039297,0.733991836,0.078825106,0.846403503,0.784677479,0.726703746,0.076723088,0.052529959,0.956721926,0.578324779,0.346403512,0.184016405,0.085653729,0.038335086
687,0.233957352,0.400172753,0.106591152,0.129658194,0.597737725,0.249790013,0.632728504,0.138817262,0.636632673,0.614110539,0.361274164,0.734998254,0.078877556,0.852478308,0.78419062,0.729600188,0.077692091,0.052717368,0.960135129,0.579561084,0.34803965,0.184861961,0.086592045,0.037488097
688,0.236886134,0.402637588,0.107493778,0.129360132,0.594936091,0.257102689,0.636243597,0.1409218,0.642314065,0.628204163,0.365130713,0.740060502,0.07859626,0.852056935,0.783857066,0.731443093,0.077861539,0.052163849,0.960812185,0.582865177,0.347910335,0.18567649,0.086869233,0.038441246
689,0.237571326,0.402255314,0.107821421,0.129434256,0.597350723,0.258809443,0.63405852,0.14239115,0.64379931,0.640441013,0.36434926,0.738865017,0.080135953,0.847949137,0.781085482,0.732128366,0.077643918,0.051735145,0.955886642,0.584805007,0.349169489,0.184258254,0.085595223,0.038304984
690,0.23990524,0.403963866,0.109053296,0.128528399,0.5959971,0.260090761,0.627427758,0.144468543,0.642208413,0.649638164,0.365916564,0.741283855,0.079715857,0.846414864,0.779377936,0.733210526,0.077269675,0.052925888,0.95281357,0.585517565,0.348032051,0.182393463,0.086090877,0.038280477
691,0.242882011,0.403799708,0.108850199,0.128280767,0.598494984,0.266300287,0.634004882,0.148135582,0.647128788,0.664497233,0.371203771,0.742076779,0.080233847,0.84788343,0.781888183,0.737876256,0.078617272,0.052638968,0.953780666,0.589038384,0.348830896,0.182793264,0.085373302,0.038215042
692,0.24390383,0.405603219,0.110582178,0.127352514,0.595932823,0.269237863,0.634618213,0.151844437,0.646823806,0.674813664,0.373697938,0.743502047,0.079694665,0.848036139,0.779182615,0.742105128,0.078980433,0.052335814,0.954183258,0.586423328,0.348297345,0.181930057,0.085512146,0.038510404
693,0.247070451,0.403865539,0.110803368,0.125576585,0.594728308,0.272332499,0.634754012,0.15662101,0.65042119,0.685144088,0.378405692,0.746042393,0.080563465,0.848788904,0.779595358,0.746440313,0.079546871,0.053218968,0.958146249,0.589426025,0.348153939,0.182266208,0.085668329,0.037700831
694,0.247357336,0.405174203,0.11189648,0.124855036,0.596150964,0.27902996,0.639076119,0.159791078,0.653648221,0.697249389,0.379997433,0.744952747,0.079716819,0.853294352,0.782712587,0.750963814,0.079752765,0.052982699,0.960937604,0.588043298,0.347722546,0.183050237,0.086417086,0.038374841
695,0.247162117,0.405443285,0.11273246,0.124276955,0.597039804,0.282511507,0.640957623,0.163086672,0.654174946,0.706717059,0.38481879,0.747738296,0.079502263,0.854574945,0.784784366,0.753146517,0.079896748,0.052782439,0.962815023,0.585186453,0.346785287,0.183441811,0.087166197,0.038219126
696,0.248983195,0.405391034,0.113018127,0.123273359,0.597819258,0.286537634,0.640974252,0.168131059,0.656025114,0.715168935,0.386500154,0.747857797,0.080767499,0.858153648,0.777917724,0.753216105,0.080350183,0.053951622,0.964054677,0.585851569,0.345708421,0.181794101,0.087060842,0.03898893
697,0.250437777,0.407260975,0.113395996,0.122805009,0.595880026,0.290504695,0.638896362,0.172036818,0.658857484,0.723134364,0.389944072,0.747245711,0.08033941,0.852860732,0.776068202,0.756150728,0.081516872,0.054224301,0.96295377,0.584703016,0.342851201,0.183466831,0.087002345,0.038914476
698,0.251837581,0.409718417,0.114641888,0.122424975,0.599151251,0.294206813,0.640430821,0.176203556,0.660613363,0.733075363,0.392846572,0.754244953,0.080219772,0.857366173,0.77597499,0.761398476,0.082144941,0.054078125,0.963181266,0.585719075,0.34423332,0.182986796,0.087297667,0.038941147
699,0.25371739,0.409362462,0.11578033,0.12097982,0.599226864,0.301752031,0.643043826,0.180309135,0.659758179,0.738074118,0.396435699,0.758959505,0.080091521,0.854784847,0.775239127,0.766567,0.082525497,0.053882206,0.96661169,0.582008713,0.343433993,0.183514478,0.086993432,0.038520045
700,0.254644065,0.408299812,0.116270759,0.120556385,0.598006105,0.300948342,0.646152754,0.184428675,0.66694976,0.744031089,0.400260205,0.757989261,0.080203432,0.850663869,0.7711049,0.765757338,0.082582545,0.053883665,0.960496641,0.584607252,0.34193977,0.183229723,0.086461298,0.038520922